Rk,Team,Date,Att,Att,Tot,Pen,1stD,TD,KRTD,Day,G#,Week,,Opp,Result,Cmp,Att,Inc,Cmp%,Yds,TD,Int,TD%,Int%,Rate,Sk,Yds,Sk%,Y/A,NY/A,AY/A,ANY/A,Y/C,Att,Yds,Y/A,TD,Tot,Ply,Y/P,DPly,DY/P,TO,ToP,Time,Pen,Yds,OppPen,OppYds,CombPen,CombPenYds,1stD,Rsh,Pass,Pen,3DAtt,3DConv,3D%,4DAtt,4DConv,4D%,TD,XPA,XPM,FGA,FGM,2PA,2PM,Sfty,KRTD,PRTD,IntTD,FRTD,OthTD,RetTD,OppKRTD,OppPRTD,OppIntTD,OppFRTD
,,,,,,,,,,,,,,,,,,,,,,,,,,,,,,,,,,,,,,,,,,,,,,,,,,,,,,,,,,,,,,,,,,,,,,,,,,,,,,,
1,ATL,1983-01-09,23,24,235,7,24,3,0,Sun,1,18,@,MIN,L 24-30,9,23,14,39.1,115,0,2,0,8.7,22.7,3,19,11.54,5,4.42,1.09,0.96,12.8,24,120,5,1,235,50,4.7,76,4.97,2,,,7,98,10,84,17,182,24,,,,,,,,,,3,3,3,1,1,0,0,0,0,0,1,1,0,2,0,0,0,0
2,ATL,1983-01-02,24,25,248,6,16,0,0,Sun,9,17,@,NOR,L 6-35,16,24,8,66.7,168,0,1,0,4.2,72.9,4,20,14.29,7,6,5.13,4.39,10.5,25,80,3.2,0,248,53,4.68,73,6.33,2,,,6,61,6,41,12,102,16,,,,,,,,,,0,0,0,2,2,0,0,0,0,0,0,0,0,0,0,0,0,0
3,ATL,1982-12-26,43,22,335,16,19,1,0,Sun,8,16,,GNB,L 7-38,30,43,13,69.8,277,1,1,2.3,2.3,89.3,4,43,8.51,6.4,5.89,5.86,5.36,9.2,22,58,2.6,0,335,69,4.86,53,7.75,1,,,16,153,6,45,22,198,19,,,,,,,,,,1,1,1,0,0,0,0,0,0,0,0,0,0,0,0,0,0,0
4,ATL,1982-12-19,21,57,391,9,23,2,0,Sun,7,15,@,SFO,W 17-7,12,21,9,57.1,160,0,2,0,9.5,45,2,16,8.7,7.6,6.96,3.33,3.04,13.3,57,231,4.1,2,391,80,4.89,49,4.47,2,,,9,75,3,34,12,109,23,,,,,,,,,,2,2,2,2,1,0,0,0,0,0,0,0,0,0,0,0,0,0
5,ATL,1982-12-12,32,45,329,9,26,5,0,Sun,6,14,,NOR,W 35-0,21,32,11,65.6,140,2,1,6.3,3.1,85.5,2,21,5.88,4.4,4.12,4.22,3.97,6.7,45,189,4.2,3,329,79,4.16,60,1.52,4,,,9,82,10,91,19,173,26,,,,,,,,,,5,5,5,1,0,0,0,0,0,0,0,0,0,0,0,0,0,0
6,ATL,1982-12-05,23,37,342,7,19,4,0,Sun,5,13,@,DEN,W 34-27,14,23,9,60.9,205,2,1,8.7,4.3,105.2,3,24,11.54,8.9,7.88,8.7,7.69,14.6,37,137,3.7,2,342,63,5.43,73,4.79,2,,,7,40,3,20,10,60,19,,,,,,,,,,4,4,4,2,2,0,0,0,0,0,0,0,0,0,0,0,0,0
7,ATL,1982-11-28,25,31,274,6,20,2,0,Sun,4,12,,STL,L 20-23,15,25,10,60,143,2,1,8,4,85.9,0,0,0,5.7,5.72,5.52,5.52,9.5,31,131,4.2,0,274,56,4.89,61,4.9,2,,,6,40,9,137,15,177,20,,,,,,,,,,2,2,2,3,2,0,0,0,0,0,0,0,0,0,0,0,0,0
8,ATL,1982-11-21,24,39,387,10,24,4,0,Sun,3,11,,RAM,W 34-17,19,24,5,79.2,213,1,0,4.2,0,117.5,0,0,0,8.9,8.88,9.71,9.71,11.2,39,174,4.5,3,387,63,6.14,52,5.27,0,,,10,89,3,20,13,109,24,,,,,,,,,,4,4,4,3,2,0,0,0,0,0,0,0,0,0,0,0,0,0
9,ATL,1982-09-19,56,21,385,7,26,2,0,Sun,2,2,,RAI,L 14-38,34,56,22,60.7,322,1,3,1.8,5.4,64.2,7,53,11.11,5.8,5.11,3.7,3.29,9.5,21,63,3,1,385,84,4.58,64,5.69,5,,,7,67,15,117,22,184,26,,,,,,,,,,2,2,2,0,0,0,0,0,0,0,0,0,0,0,0,0,0,1
10,ATL,1982-09-12,27,33,272,7,17,2,0,Sun,1,1,@,NYG,W 16-14,15,27,12,55.6,154,0,1,0,3.7,61.8,3,33,10,5.7,5.13,4.04,3.63,10.3,33,118,3.6,1,272,63,4.32,66,5.73,3,,,7,48,5,44,12,92,17,,,,,,,,,,2,2,1,1,1,0,0,0,0,0,0,1,0,1,0,0,0,0
11,BAL,1983-01-02,33,36,273,3,20,1,0,Sun,9,17,,MIA,L 7-34,16,33,17,48.5,116,0,2,0,6.1,37.9,7,48,17.5,3.5,2.9,0.79,0.65,7.3,36,157,4.4,1,273,76,3.59,65,5.71,5,,,3,30,2,10,5,40,20,,,,,,,,,,1,1,1,3,0,0,0,0,0,0,0,0,0,0,0,0,0,0
12,BAL,1982-12-26,44,25,370,9,20,3,0,Sun,8,16,@,SDG,L 26-44,29,44,15,65.9,300,1,1,2.3,2.3,85,2,16,4.35,6.8,6.52,6.25,5.98,10.3,25,70,2.8,1,370,71,5.21,66,7.68,5,,,9,64,9,63,18,127,20,,,,,,,,,,3,2,2,2,2,0,0,0,0,0,0,1,0,1,0,0,0,0
13,BAL,1982-12-19,40,39,295,10,19,2,0,Sun,7,15,,GNB,T 20-20 (OT),23,40,17,57.5,185,1,0,2.5,0,80.3,3,26,6.98,4.6,4.3,5.13,4.77,8,39,110,2.8,1,295,82,3.6,79,4.58,1,,,10,80,6,54,16,134,19,,,,,,,,,,2,2,2,3,2,0,0,0,0,0,0,0,0,0,0,0,0,0
14,BAL,1982-12-12,32,32,198,3,15,1,0,Sun,6,14,@,MIN,L 10-13,14,32,18,43.8,116,0,2,0,6.3,27.6,0,0,0,3.6,3.63,0.81,0.81,8.3,32,82,2.6,0,198,64,3.09,66,5.23,2,,,3,29,9,82,12,111,15,,,,,,,,,,1,1,1,2,1,0,0,0,0,0,1,0,0,1,0,0,0,0
15,BAL,1982-12-05,20,39,333,9,19,2,0,Sun,5,13,,CIN,L 17-20,11,20,9,55,123,2,0,10,0,111.7,2,23,9.09,6.2,5.59,8.15,7.41,11.2,39,210,5.4,0,333,61,5.46,62,4.68,0,,,9,59,6,46,15,105,19,,,,,,,,,,2,2,2,2,1,0,0,0,0,0,0,0,0,0,0,0,0,0
16,BAL,1982-11-28,17,20,88,5,6,0,0,Sun,4,12,@,BUF,L 0-20,3,17,14,17.6,52,0,0,0,0,42.3,1,10,5.56,3.1,2.89,3.06,2.89,17.3,20,36,1.8,0,88,38,2.32,73,4.27,1,,,5,72,10,79,15,151,6,,,,,,,,,,0,0,0,0,0,0,0,0,0,0,0,0,0,0,0,0,0,0
17,BAL,1982-11-21,34,25,318,5,17,0,0,Sun,3,11,@,NYJ,L 0-37,17,34,17,50,230,0,2,0,5.9,47.4,0,0,0,6.8,6.76,4.12,4.12,13.5,25,88,3.5,0,318,59,5.39,74,6.43,3,,,5,26,4,40,9,66,17,,,,,,,,,,0,0,0,1,0,0,0,0,0,0,0,0,0,0,0,0,0,0
18,BAL,1982-09-19,17,42,256,6,14,2,0,Sun,2,2,@,MIA,L 20-24,9,17,8,52.9,96,2,0,11.8,0,117,3,33,15,5.6,4.8,8,6.8,10.7,42,160,3.8,0,256,62,4.13,60,5.05,0,,,6,63,1,5,7,68,14,,,,,,,,,,2,2,2,2,2,0,0,0,0,0,0,0,0,0,0,0,0,0
19,BAL,1982-09-12,46,35,352,2,22,1,0,Sun,1,1,,NWE,L 13-24,20,46,26,43.5,221,0,3,0,6.5,32.8,2,18,4.17,4.8,4.6,1.87,1.79,11.1,35,131,3.7,1,352,83,4.24,60,5.5,4,,,2,10,12,87,14,97,22,,,,,,,,,,1,1,1,3,2,0,0,0,0,0,0,0,0,0,0,0,0,0
20,BUF,1983-01-02,28,25,353,5,17,2,0,Sun,9,17,@,NWE,L 19-30,17,28,11,60.7,224,1,1,3.6,3.6,84.5,1,10,3.45,8,7.72,7.11,6.86,13.2,25,129,5.2,1,353,54,6.54,74,5.65,1,,,5,34,2,10,7,44,17,,,,,,,,,,2,1,1,2,2,0,0,0,0,0,0,0,0,0,0,0,0,0
21,BUF,1982-12-27,33,28,301,12,17,1,0,Mon,8,16,@,MIA,L 10-27,21,33,12,63.6,163,0,2,0,6.1,55,4,36,10.81,4.9,4.41,2.21,1.97,7.8,28,138,4.9,1,301,65,4.63,57,4.25,4,,,12,97,7,60,19,157,17,,,,,,,,,,1,1,1,2,1,0,0,0,0,0,0,0,0,0,0,0,0,0
22,BUF,1982-12-19,25,32,318,6,21,3,0,Sun,7,15,@,TAM,L 23-24,17,25,8,68,152,0,3,0,12,47.2,1,16,3.85,6.1,5.85,0.68,0.65,8.9,32,166,5.2,3,318,58,5.48,71,4.82,5,,,6,60,3,19,9,79,21,,,,,,,,,,3,3,2,1,1,0,0,0,0,0,0,0,0,0,0,0,0,0
23,BUF,1982-12-12,29,46,339,6,20,1,0,Sun,6,14,,PIT,W 13-0,14,29,15,48.3,155,0,2,0,6.9,37,1,8,3.33,5.3,5.17,2.24,2.17,11.1,46,184,4,1,339,76,4.46,50,1.88,2,,,6,45,7,47,13,92,20,,,,,,,,,,1,1,1,4,2,0,0,0,0,0,0,0,0,0,0,0,0,0
24,BUF,1982-12-05,36,34,336,4,23,3,0,Sun,5,13,@,GNB,L 21-33,18,36,18,50,194,2,2,5.6,5.6,62.7,1,10,2.7,5.4,5.24,4,3.89,10.8,34,142,4.2,1,336,71,4.73,58,5.19,5,,,4,47,4,25,8,72,23,,,,,,,,,,3,3,3,2,0,0,0,0,0,0,0,0,0,0,0,0,0,1
25,BUF,1982-11-28,17,56,312,10,21,2,0,Sun,4,12,,BAL,W 20-0,7,17,10,41.2,67,0,0,0,0,52.8,0,0,0,3.9,3.94,3.94,3.94,9.6,56,245,4.4,2,312,73,4.27,38,2.32,0,,,10,79,5,72,15,151,21,,,,,,,,,,2,2,2,3,2,0,0,0,0,0,0,0,0,0,0,0,0,0
26,BUF,1982-11-21,29,34,258,9,18,1,0,Sun,3,11,,MIA,L 7-9,12,29,17,41.4,126,0,6,0,20.7,17.1,1,14,3.33,4.3,4.2,-4.97,-4.8,10.5,34,132,3.9,0,258,64,4.03,62,4.02,7,,,9,64,4,30,13,94,18,,,,,,,,,,1,1,1,0,0,0,0,0,0,0,0,1,0,1,0,0,0,0
27,BUF,1982-09-16,45,30,451,9,26,3,0,Thu,2,2,,MIN,W 23-22,25,45,20,55.6,317,3,1,6.7,2.2,91.9,2,13,4.26,7,6.74,7.38,7.06,12.7,30,134,4.5,0,451,77,5.86,64,5.8,2,,,9,88,15,117,24,205,26,,,,,,,,,,3,3,2,2,1,0,0,0,0,0,0,0,0,0,0,0,0,0
28,BUF,1982-09-12,31,34,259,8,17,2,0,Sun,1,1,,KAN,W 14-9,18,31,13,58.1,158,2,0,6.5,0,94.3,1,8,3.13,5.1,4.94,6.39,6.19,8.8,34,101,3,0,259,66,3.92,62,3.69,0,,,8,68,2,15,10,83,17,,,,,,,,,,2,2,2,2,0,0,0,0,0,0,0,0,0,0,0,0,0,0
29,CHI,1983-01-02,30,32,248,3,14,2,0,Sun,9,17,@,TAM,L 23-26 (OT),12,30,18,40,135,1,0,3.3,0,69.7,4,32,11.76,4.5,3.97,5.17,4.56,11.3,32,113,3.5,0,248,66,3.76,74,5.73,1,,,3,21,1,5,4,26,14,,,,,,,,,,2,2,2,4,3,0,0,0,0,0,1,0,0,1,0,0,0,0
30,CHI,1982-12-26,28,37,421,10,23,4,0,Sun,8,16,@,RAM,W 34-26,18,28,10,64.3,263,2,0,7.1,0,121.1,2,17,6.67,9.4,8.77,10.82,10.1,14.6,37,158,4.3,2,421,67,6.28,70,8.33,0,,,10,71,11,95,21,166,23,,,,,,,,,,4,4,4,3,2,0,0,0,0,0,0,0,0,0,0,0,0,0
,,,,,,,,,,,,,,,,Passing,,,,,,,,,,,,,,,,,,Rushing,,,,Tot. Off.,,,,,,,,Penalties,,,,,,First Downs,,,,Downs,,,,,,,PAT,,FG,,,,,,,,,,,,,,
Rk,Team,Date,Att,Att,Tot,Pen,1stD,TD,KRTD,Day,G#,Week,,Opp,Result,Cmp,Att,Inc,Cmp%,Yds,TD,Int,TD%,Int%,Rate,Sk,Yds,Sk%,Y/A,NY/A,AY/A,ANY/A,Y/C,Att,Yds,Y/A,TD,Tot,Ply,Y/P,DPly,DY/P,TO,ToP,Time,Pen,Yds,OppPen,OppYds,CombPen,CombPenYds,1stD,Rsh,Pass,Pen,3DAtt,3DConv,3D%,4DAtt,4DConv,4D%,TD,XPA,XPM,FGA,FGM,2PA,2PM,Sfty,KRTD,PRTD,IntTD,FRTD,OthTD,RetTD,OppKRTD,OppPRTD,OppIntTD,OppFRTD
31,CHI,1982-12-19,35,32,273,4,14,1,0,Sun,7,15,,STL,L 7-10,16,35,19,45.7,155,1,0,2.9,0,68.7,1,5,2.78,4.4,4.31,5,4.86,9.7,32,118,3.7,0,273,68,4.01,62,3.87,1,,,4,40,3,15,7,55,14,,,,,,,,,,1,1,1,3,0,0,0,0,0,0,0,0,0,0,0,0,0,0
32,CHI,1982-12-12,30,29,310,3,19,2,0,Sun,6,14,@,SEA,L 14-20,20,30,10,66.7,213,1,1,3.3,3.3,87.9,3,25,9.09,7.1,6.45,6.27,5.7,10.7,29,97,3.3,1,310,62,5,65,4.46,2,,,3,10,5,41,8,51,19,,,,,,,,,,2,2,2,1,0,0,0,0,0,0,0,0,0,0,0,0,0,0
33,CHI,1982-12-05,21,45,342,5,23,3,0,Sun,5,13,,NWE,W 26-13,15,21,6,71.4,176,2,1,9.5,4.8,111.6,3,16,12.5,8.4,7.33,8.14,7.13,11.7,45,166,3.7,1,342,69,4.96,54,4.61,3,,,5,38,4,45,9,83,23,,,,,,,,,,3,3,3,2,1,0,0,1,0,0,0,0,0,0,0,0,1,0
34,CHI,1982-11-28,30,25,197,9,12,1,0,Sun,4,12,@,MIN,L 7-35,15,30,15,50,103,1,3,3.3,10,37.4,7,56,18.92,3.4,2.78,-0.4,-0.32,6.9,25,94,3.8,0,197,62,3.18,60,6.4,5,,,9,80,5,35,14,115,12,,,,,,,,,,1,1,1,1,0,0,0,0,0,0,0,0,0,0,0,0,0,0
35,CHI,1982-11-21,27,34,365,10,21,2,0,Sun,3,11,,DET,W 20-17,16,27,11,59.3,221,2,3,7.4,11.1,72.5,3,12,10,8.2,7.37,4.67,4.2,13.8,34,144,4.2,0,365,64,5.7,66,2.3,3,,,10,78,7,62,17,140,21,,,,,,,,,,2,2,2,4,2,0,0,0,0,0,0,0,0,0,0,0,1,0
36,CHI,1982-09-19,35,16,183,4,13,0,0,Sun,2,2,,NOR,L 0-10,17,35,18,48.6,135,0,3,0,8.6,28.3,5,45,12.5,3.9,3.38,0,0,7.9,16,48,3,0,183,56,3.27,71,4.46,3,,,4,25,8,60,12,85,13,,,,,,,,,,0,0,0,1,0,0,0,0,0,0,0,0,0,0,0,0,0,0
37,CHI,1982-09-12,26,26,154,10,14,1,0,Sun,1,1,@,DET,L 10-17,12,26,14,46.2,104,0,0,0,0,63,5,36,16.13,4,3.35,4,3.35,8.7,26,50,1.9,1,154,57,2.7,63,3.37,1,,,10,59,8,93,18,152,14,,,,,,,,,,1,1,1,1,1,0,0,0,0,0,0,0,0,0,0,0,0,0
38,CIN,1983-01-09,36,21,395,7,23,2,0,Sun,1,18,,NYJ,L 17-44,26,36,10,72.2,333,2,3,5.6,8.3,87,4,21,10,9.3,8.33,6.61,5.95,12.8,21,62,3,0,395,61,6.48,63,8.21,4,,,7,60,12,95,19,155,23,,,,,,,,,,2,2,2,2,1,0,0,0,0,0,0,0,0,0,0,0,1,0
39,CIN,1983-01-02,32,42,457,5,29,5,0,Sun,9,17,@,HOU,W 35-27,28,32,4,87.5,310,2,0,6.3,0,130.3,2,19,5.88,9.7,9.12,10.94,10.29,11.1,42,147,3.5,3,457,76,6.01,58,5.76,2,,,5,49,5,35,10,84,29,,,,,,,,,,5,5,5,1,0,0,0,0,0,0,0,0,0,0,0,0,0,0
40,CIN,1982-12-26,29,35,389,9,24,3,0,Sun,8,16,,SEA,W 24-10,22,29,7,75.9,256,1,2,3.4,6.9,86.1,2,9,6.45,8.8,8.26,6.41,6,11.6,35,133,3.8,2,389,66,5.89,61,4.57,3,,,9,88,11,107,20,195,24,,,,,,,,,,3,3,3,1,1,0,0,0,0,0,0,0,0,0,0,0,0,0
41,CIN,1982-12-20,56,11,441,7,22,4,0,Mon,7,15,@,SDG,L 34-50,40,56,16,71.4,397,2,1,3.6,1.8,97,3,19,5.08,7.1,6.73,7,6.64,9.9,11,44,4,1,441,70,6.3,78,8.47,1,,,7,62,9,79,16,141,22,,,,,,,,,,4,4,4,2,2,0,0,0,0,0,1,0,0,1,0,0,0,0
42,CIN,1982-12-12,28,35,256,6,19,2,0,Sun,6,14,,CLE,W 23-10,18,28,10,64.3,159,0,1,0,3.6,68,4,24,12.5,5.7,4.97,4.07,3.56,8.8,35,97,2.8,2,256,67,3.82,54,3.89,1,,,6,38,10,83,16,121,19,,,,,,,,,,2,2,2,3,3,0,0,0,0,0,0,0,0,0,0,0,1,0
43,CIN,1982-12-05,29,30,290,6,24,3,0,Sun,5,13,@,BAL,W 20-17,22,29,7,75.9,184,3,0,10.3,0,129.4,3,22,9.38,6.3,5.75,8.41,7.63,8.4,30,106,3.5,0,290,62,4.68,61,5.46,0,,,6,46,9,59,15,105,24,,,,,,,,,,3,3,2,0,0,0,0,0,0,0,0,0,0,0,0,0,0,0
44,CIN,1982-11-28,26,35,347,6,21,4,0,Sun,4,12,,RAI,W 31-17,14,26,12,53.8,210,1,0,3.8,0,93.4,0,0,0,8.1,8.08,8.85,8.85,15,35,137,3.9,2,347,61,5.69,66,5.08,2,,,6,58,6,80,12,138,21,,,,,,,,,,4,3,4,1,1,0,0,0,0,0,1,0,0,1,0,0,0,0
45,CIN,1982-11-21,32,27,310,6,18,1,0,Sun,3,11,@,PHI,W 18-14,19,32,13,59.4,197,1,2,3.1,6.3,63.9,3,18,8.57,6.2,5.63,3.97,3.63,10.4,27,113,4.2,0,310,62,5,68,4.04,4,,,6,32,4,30,10,62,18,,,,,,,,,,1,1,1,3,3,0,0,1,0,0,0,0,0,0,0,0,0,0
46,CIN,1982-09-19,38,25,379,4,24,2,0,Sun,2,2,@,PIT,L 20-26 (OT),27,38,11,71.1,310,0,3,0,7.9,63.8,2,13,5,8.2,7.75,4.61,4.38,11.5,25,69,2.8,2,379,65,5.83,62,4.76,3,,,4,40,5,46,9,86,24,,,,,,,,,,2,2,2,3,2,0,0,0,0,0,0,0,0,0,0,0,0,0
47,CIN,1982-09-12,40,29,419,7,26,3,0,Sun,1,1,,HOU,W 27-6,29,40,11,72.5,316,2,0,5,0,116,8,38,16.67,7.9,6.58,8.9,7.42,10.9,29,103,3.6,1,419,77,5.44,43,3.98,0,,,7,62,5,32,12,94,26,,,,,,,,,,3,3,3,4,2,0,0,0,0,0,0,0,0,0,0,0,0,0
48,CLE,1983-01-08,37,18,284,4,17,1,0,Sat,1,18,@,RAI,L 10-27,18,37,19,48.6,228,1,0,2.7,0,83.3,6,53,13.95,6.2,5.3,6.7,5.77,12.7,18,56,3.1,0,284,61,4.66,75,6.8,1,,,4,35,6,65,10,100,17,,,,,,,,,,1,1,1,1,1,0,0,0,0,0,0,0,0,0,0,0,0,0
49,CLE,1983-01-02,47,20,345,5,20,3,0,Sun,9,17,@,PIT,L 21-37,22,47,25,46.8,293,3,4,6.4,8.5,54.7,3,20,6,6.2,5.86,3.68,3.46,13.3,20,52,2.6,0,345,70,4.93,74,7.04,6,,,5,37,10,117,15,154,20,,,,,,,,,,3,3,3,0,0,0,0,0,0,0,0,0,0,0,0,0,0,0
50,CLE,1982-12-26,34,39,340,8,21,2,0,Sun,8,16,@,HOU,W 20-14,18,34,16,52.9,229,1,0,2.9,0,86.4,2,19,5.56,6.7,6.36,7.32,6.92,12.7,39,111,2.8,1,340,75,4.53,71,5.2,1,,,8,53,7,50,15,103,21,,,,,,,,,,2,2,2,4,2,0,0,0,0,0,0,0,0,0,0,0,0,0
51,CLE,1982-12-19,40,27,224,8,15,1,0,Sun,7,15,,PIT,W 10-9,19,40,21,47.5,186,0,1,0,2.5,54.9,6,41,13.04,4.7,4.04,3.53,3.07,9.8,27,38,1.4,1,224,73,3.07,67,3.31,2,,,8,75,7,43,15,118,15,,,,,,,,,,1,1,1,2,1,0,0,0,0,0,0,0,0,0,0,0,0,0
52,CLE,1982-12-12,31,19,210,10,12,1,0,Sun,6,14,@,CIN,L 10-23,18,31,13,58.1,146,0,3,0,9.7,35.1,4,34,11.43,4.7,4.17,0.35,0.31,8.1,19,64,3.4,0,210,54,3.89,67,3.82,4,,,10,83,6,38,16,121,12,,,,,,,,,,1,1,1,1,1,0,0,0,0,0,1,0,0,1,0,0,0,0
53,CLE,1982-12-05,48,21,398,9,24,1,0,Sun,5,13,,SDG,L 13-30,33,48,15,68.8,308,1,2,2.1,4.2,78.3,4,30,7.69,6.4,5.92,4.96,4.58,9.3,21,90,4.3,0,398,73,5.45,59,6.47,2,,,9,66,5,43,14,109,24,,,,,,,,,,1,1,1,4,2,0,0,0,0,0,0,0,0,0,0,0,0,0
54,CLE,1982-11-25,38,20,280,6,17,2,0,Thu,4,12,@,DAL,L 14-31,20,38,18,52.6,198,1,4,2.6,10.5,41,4,38,9.52,5.2,4.71,1,0.9,9.9,20,82,4.1,1,280,62,4.52,78,6.36,5,,,6,51,5,50,11,101,17,,,,,,,,,,2,2,2,0,0,0,0,0,0,0,0,0,0,0,0,0,0,0
55,CLE,1982-11-21,32,33,225,7,19,1,0,Sun,3,11,,NWE,W 10-7,13,32,19,40.6,128,1,0,3.1,0,64.3,1,10,3.03,4,3.88,4.63,4.48,9.8,33,97,2.9,0,225,66,3.41,49,5.41,0,,,7,45,9,55,16,100,19,,,,,,,,,,1,1,1,1,1,0,0,0,0,0,0,0,0,0,0,0,0,0
56,CLE,1982-09-19,41,30,366,4,23,3,0,Sun,2,2,,PHI,L 21-24,20,41,21,48.8,227,2,2,4.9,4.9,63,1,12,2.38,5.5,5.4,4.32,4.21,11.4,30,139,4.6,1,366,72,5.08,67,6.31,3,,,4,30,3,15,7,45,23,,,,,,,,,,3,3,3,1,0,0,0,0,0,0,0,0,0,0,0,0,0,0
57,CLE,1982-09-12,23,47,330,2,25,3,0,Sun,1,1,@,SEA,W 21-7,11,23,12,47.8,130,0,0,0,0,66.9,1,8,4.17,5.7,5.42,5.65,5.42,11.8,47,200,4.3,3,330,71,4.65,62,2.9,1,,,2,21,5,25,7,46,25,,,,,,,,,,3,3,3,3,0,0,0,0,0,0,0,0,0,0,0,0,0,0
58,DAL,1983-01-22,44,21,340,3,21,2,0,Sat,3,20,@,WAS,L 17-31,23,44,21,52.3,275,2,2,4.5,4.5,67.9,0,0,0,6.3,6.25,5.11,5.11,12,21,65,3.1,0,340,65,5.23,63,4.13,3,,,3,15,3,25,6,40,21,,,,,,,,,,2,2,2,2,1,0,0,0,0,0,0,0,0,0,0,0,1,0
59,DAL,1983-01-16,37,39,375,5,24,4,0,Sun,2,19,,GNB,W 37-26,24,37,13,64.9,266,1,1,2.7,2.7,84.7,1,8,2.63,7.2,7,6.51,6.34,11.1,39,109,2.8,2,375,77,4.87,57,8.18,2,,,5,30,3,35,8,65,24,,,,,,,,,,4,4,4,3,3,0,0,0,0,0,1,0,0,1,0,0,1,0
60,DAL,1983-01-09,45,42,456,6,29,3,0,Sun,1,18,,TAM,W 30-17,27,45,18,60,277,2,2,4.4,4.4,77.3,5,35,10,6.2,5.54,5.04,4.54,10.3,42,179,4.3,0,456,92,4.96,49,4.45,3,,,6,45,4,41,10,86,29,,,,,,,,,,3,3,3,3,3,0,0,0,0,0,1,0,0,1,0,0,0,1
,,,,,,,,,,,,,,,,Passing,,,,,,,,,,,,,,,,,,Rushing,,,,Tot. Off.,,,,,,,,Penalties,,,,,,First Downs,,,,Downs,,,,,,,PAT,,FG,,,,,,,,,,,,,,
Rk,Team,Date,Att,Att,Tot,Pen,1stD,TD,KRTD,Day,G#,Week,,Opp,Result,Cmp,Att,Inc,Cmp%,Yds,TD,Int,TD%,Int%,Rate,Sk,Yds,Sk%,Y/A,NY/A,AY/A,ANY/A,Y/C,Att,Yds,Y/A,TD,Tot,Ply,Y/P,DPly,DY/P,TO,ToP,Time,Pen,Yds,OppPen,OppYds,CombPen,CombPenYds,1stD,Rsh,Pass,Pen,3DAtt,3DConv,3D%,4DAtt,4DConv,4D%,TD,XPA,XPM,FGA,FGM,2PA,2PM,Sfty,KRTD,PRTD,IntTD,FRTD,OthTD,RetTD,OppKRTD,OppPRTD,OppIntTD,OppFRTD
61,DAL,1983-01-03,32,28,364,5,18,3,0,Mon,9,17,@,MIN,L 27-31,14,32,18,43.8,167,0,1,0,3.1,50.4,2,24,5.88,5.2,4.91,3.81,3.59,11.9,28,197,7,2,364,62,5.87,75,5.08,2,,,5,35,6,55,11,90,18,,,,,,,,,,3,3,3,3,2,0,0,0,0,0,1,0,0,1,0,0,1,0
62,DAL,1982-12-26,31,34,245,3,17,2,0,Sun,8,16,,PHI,L 20-24,17,31,14,54.8,136,2,2,6.5,6.5,67.3,5,49,13.89,4.4,3.78,2.77,2.39,8,34,109,3.2,0,245,70,3.5,55,4.29,4,,,3,19,3,20,6,39,17,,,,,,,,,,2,2,2,2,2,0,0,0,0,0,0,0,0,0,0,0,0,1
63,DAL,1982-12-19,22,33,316,4,16,3,0,Sun,7,15,,NOR,W 21-7,14,22,8,63.6,195,1,2,4.5,9.1,74.4,2,27,8.33,8.9,8.13,5.68,5.21,13.9,33,121,3.7,2,316,57,5.54,71,4.24,5,,,4,35,8,70,12,105,16,,,,,,,,,,3,3,3,0,0,0,0,0,0,0,0,0,0,0,0,0,0,0
64,DAL,1982-12-13,33,33,416,5,20,4,0,Mon,6,14,@,HOU,W 37-7,24,33,9,72.7,295,3,0,9.1,0,133.9,3,29,8.33,8.9,8.19,10.76,9.86,12.3,33,121,3.7,0,416,69,6.03,56,3.55,2,,,5,30,6,55,11,85,20,,,,,,,,,,4,4,4,3,3,0,0,0,0,0,0,1,0,1,0,0,0,0
65,DAL,1982-12-05,30,38,362,7,22,3,0,Sun,5,13,@,WAS,W 24-10,21,30,9,70,202,1,2,3.3,6.7,73.8,1,14,3.23,6.7,6.52,4.4,4.26,9.6,38,160,4.2,2,362,69,5.25,54,5.09,2,,,7,52,3,40,10,92,22,,,,,,,,,,3,3,3,1,1,0,0,0,0,0,0,0,0,0,0,0,0,0
66,DAL,1982-11-25,24,52,496,5,27,4,0,Thu,4,12,,CLE,W 31-14,13,24,11,54.2,197,2,2,8.3,8.3,77.6,2,18,7.69,8.2,7.58,6.13,5.65,15.2,52,299,5.8,2,496,78,6.36,62,4.52,4,,,5,50,6,51,11,101,27,,,,,,,,,,4,4,4,2,1,0,0,0,0,0,0,0,0,0,0,0,0,0
67,DAL,1982-11-21,16,26,185,6,13,2,0,Sun,3,11,,TAM,W 14-9,11,16,5,68.8,107,1,1,6.3,6.3,95.3,4,51,20,6.7,5.35,5.13,4.1,9.7,26,78,3,1,185,46,4.02,77,4.96,1,,,6,30,6,41,12,71,13,,,,,,,,,,2,2,2,0,0,0,0,0,0,0,0,0,0,0,0,0,0,0
68,DAL,1982-09-19,32,30,379,4,19,3,0,Sun,2,2,@,STL,W 24-7,20,32,12,62.5,246,2,2,6.3,6.3,83.6,3,20,8.57,7.7,7.03,6.13,5.6,12.3,30,133,4.4,1,379,65,5.83,67,4.64,2,,,4,39,6,55,10,94,19,,,,,,,,,,3,3,3,2,1,0,0,0,0,0,0,0,0,0,0,0,0,0
69,DAL,1982-09-13,38,22,436,3,28,4,0,Mon,1,1,,PIT,L 28-36,26,38,12,68.4,341,4,2,10.5,5.3,113.2,3,32,7.32,9,8.32,8.71,8.07,13.1,22,95,4.3,0,436,63,6.92,64,6.06,4,,,3,14,8,44,11,58,28,,,,,,,,,,4,4,4,1,0,0,0,0,0,0,0,0,0,0,0,0,0,0
70,DEN,1983-01-02,33,41,387,2,19,1,0,Sun,9,17,@,SEA,L 11-13,18,33,15,54.5,188,0,2,0,6.1,46,0,0,0,5.7,5.7,2.97,2.97,10.4,41,199,4.9,1,387,74,5.23,73,4.97,4,,,2,14,6,55,8,69,19,,,,,,,,,,1,1,1,2,0,0,0,2,0,0,0,0,0,0,0,0,0,0
71,DEN,1982-12-26,56,22,345,7,25,1,0,Sun,8,16,@,RAI,L 10-27,26,56,30,46.4,284,1,5,1.8,8.9,36,7,72,11.11,5.1,4.51,1.41,1.25,10.9,22,61,2.8,0,345,85,4.06,66,4.73,6,,,7,90,9,76,16,166,25,,,,,,,,,,1,1,1,1,1,0,0,0,0,0,0,0,0,0,0,0,0,0
72,DEN,1982-12-19,30,26,220,8,17,2,0,Sun,7,15,,KAN,L 16-37,19,30,11,63.3,146,0,2,0,6.7,49.7,3,17,9.09,4.9,4.42,1.87,1.7,7.7,26,74,2.8,1,220,59,3.73,61,4.43,4,,,8,76,3,33,11,109,17,,,,,,,,,,2,2,1,1,1,0,0,0,0,1,0,0,0,1,0,0,2,0
73,DEN,1982-12-12,31,34,385,6,22,3,0,Sun,6,14,@,RAM,W 27-24,23,31,8,74.2,258,2,1,6.5,3.2,113.2,5,49,13.89,8.3,7.17,8.16,7.03,11.2,34,127,3.7,1,385,70,5.5,61,4.15,3,,,6,38,4,45,10,83,22,,,,,,,,,,3,3,3,2,2,0,0,0,0,0,0,0,0,0,0,0,0,0
74,DEN,1982-12-05,44,27,350,3,23,3,0,Sun,5,13,,ATL,L 27-34,24,44,20,54.5,249,2,2,4.5,4.5,69.4,2,22,4.35,5.7,5.41,4.52,4.33,10.4,27,101,3.7,1,350,73,4.79,63,5.43,4,,,3,20,7,40,10,60,23,,,,,,,,,,3,3,3,2,2,0,0,0,0,0,0,0,0,0,0,0,0,0
75,DEN,1982-11-28,28,26,294,8,20,2,0,Sun,4,12,@,SDG,L 20-30,19,28,9,67.9,175,1,2,3.6,7.1,68.2,1,9,3.45,6.3,6.03,3.75,3.62,9.2,26,119,4.6,1,294,55,5.35,78,5.59,5,,,8,55,10,100,18,155,20,,,,,,,,,,2,2,2,2,2,0,0,0,0,0,0,0,0,0,0,0,0,0
76,DEN,1982-11-21,27,25,250,7,10,1,0,Sun,3,11,,SEA,L 10-17,12,27,15,44.4,114,0,2,0,7.4,28.2,2,15,6.9,4.2,3.93,0.89,0.83,9.5,25,136,5.4,1,250,54,4.63,73,5.3,2,,,7,82,6,49,13,131,10,,,,,,,,,,1,1,1,1,1,0,0,0,0,0,0,0,0,0,0,0,1,0
77,DEN,1982-09-19,26,31,283,8,17,3,0,Sun,2,2,,SFO,W 24-21,17,26,9,65.4,183,2,1,7.7,3.8,97.8,3,14,10.34,7,6.31,6.85,6.14,10.8,31,100,3.2,0,283,60,4.72,69,5.99,2,,,8,91,8,106,16,197,17,,,,,,,,,,3,3,3,1,1,0,0,0,0,1,0,0,0,1,0,0,0,0
78,DEN,1982-09-12,36,25,323,5,17,0,0,Sun,1,1,,SDG,L 3-23,23,36,13,63.9,222,0,2,0,5.6,58.1,1,2,2.7,6.2,6,3.67,3.57,9.7,25,101,4,0,323,62,5.21,72,5.46,6,,,5,50,10,67,15,117,17,,,,,,,,,,0,0,0,1,1,0,0,0,0,0,0,0,0,0,0,0,0,0
79,DET,1983-01-08,38,21,364,5,20,1,0,Sat,1,18,@,WAS,L 7-31,22,38,16,57.9,269,1,2,2.6,5.3,69.8,4,29,9.52,7.1,6.4,5.24,4.74,12.2,21,95,4.5,0,364,63,5.78,59,6.2,5,,,5,29,4,20,9,49,20,,,,,,,,,,1,1,1,0,0,0,0,0,0,0,0,0,0,0,0,0,1,0
80,DET,1983-01-02,35,32,368,7,23,3,0,Sun,9,17,,GNB,W 27-24,20,35,15,57.1,241,2,1,5.7,2.9,86.8,2,11,5.41,6.9,6.51,6.74,6.38,12.1,32,127,4,1,368,69,5.33,57,4.84,3,,,7,54,6,53,13,107,23,,,,,,,,,,3,3,3,2,2,0,0,0,0,0,0,0,0,0,0,0,0,1
81,DET,1982-12-26,16,30,210,3,13,3,0,Sun,8,16,@,TAM,L 21-23,7,16,9,43.8,97,2,2,12.5,12.5,66.1,1,9,5.88,6.1,5.71,2.94,2.76,13.9,30,113,3.8,1,210,47,4.47,77,4.9,2,,,3,56,4,45,7,101,13,,,,,,,,,,3,3,3,0,0,0,0,0,0,0,0,0,0,0,0,0,0,0
82,DET,1982-12-19,39,18,346,3,19,4,0,Sun,7,15,,MIN,L 31-34,20,39,19,51.3,304,3,2,7.7,5.1,86.2,7,43,15.22,7.8,6.61,7.03,5.96,15.2,18,42,2.3,1,346,64,5.41,67,4.96,3,,,3,20,16,122,19,142,19,,,,,,,,,,4,4,4,1,1,0,0,0,0,0,0,0,0,0,0,0,0,1
83,DET,1982-12-12,32,43,296,8,21,3,1,Sun,6,14,@,GNB,W 30-10,15,32,17,46.9,141,1,3,3.1,9.4,32.9,2,16,5.88,4.4,4.15,0.81,0.76,9.4,43,155,3.6,1,296,77,3.84,75,2.67,4,,,8,79,8,66,16,145,21,,,,,,,,,,3,3,3,4,3,0,0,0,1,0,0,0,0,1,0,0,0,0
84,DET,1982-12-06,37,25,274,5,15,1,0,Mon,5,13,,NYJ,L 13-28,14,37,23,37.8,170,1,3,2.7,8.1,33.8,5,52,11.9,4.6,4.05,1.49,1.31,12.1,25,104,4.2,0,274,67,4.09,71,6.15,5,,,5,33,7,65,12,98,15,,,,,,,,,,1,1,1,2,2,0,0,0,0,0,0,0,0,0,0,0,0,0
85,DET,1982-11-25,32,38,321,8,19,0,0,Thu,4,12,,NYG,L 6-13,15,32,17,46.9,150,0,3,0,9.4,23.4,2,14,5.88,4.7,4.41,0.47,0.44,10,38,171,4.5,0,321,72,4.46,57,3.61,4,,,8,86,6,36,14,122,19,,,,,,,,,,0,0,0,2,2,0,0,0,0,0,0,0,0,0,0,0,1,0
86,DET,1982-11-21,32,27,152,7,17,2,0,Sun,3,11,@,CHI,L 17-20,15,32,17,46.9,57,1,2,3.1,6.3,41,7,62,17.95,1.8,1.46,-0.41,-0.33,3.8,27,95,3.5,0,152,66,2.3,64,5.7,2,,,7,62,10,78,17,140,17,,,,,,,,,,2,2,2,1,1,0,0,0,0,0,1,0,0,1,0,0,0,0
87,DET,1982-09-19,34,38,355,9,19,1,0,Sun,2,2,@,RAM,W 19-14,17,34,17,50,207,1,1,2.9,2.9,68.1,1,12,2.86,6.1,5.91,5.35,5.2,12.2,38,148,3.9,0,355,73,4.86,66,5.68,2,,,9,65,7,81,16,146,19,,,,,,,,,,1,1,1,4,4,0,0,0,0,0,0,0,0,0,0,0,0,0
88,DET,1982-09-12,28,32,212,8,14,2,0,Sun,1,1,,CHI,W 17-10,13,28,15,46.4,145,1,1,3.6,3.6,62.8,3,23,9.68,5.2,4.68,4.29,3.87,11.2,32,67,2.1,1,212,63,3.37,57,2.7,1,,,8,93,10,59,18,152,14,,,,,,,,,,2,2,2,1,1,0,0,0,0,0,0,0,0,0,0,0,0,0
89,GNB,1983-01-16,36,17,466,3,21,3,0,Sun,2,19,@,DAL,L 26-37,19,36,17,52.8,308,1,3,2.8,8.3,59,4,24,10,8.6,7.7,5.36,4.83,16.2,17,158,9.3,1,466,57,8.18,77,4.87,5,,,3,35,5,30,8,65,21,,,,,,,,,,3,3,2,2,2,0,0,0,0,0,1,0,0,1,0,0,1,0
90,GNB,1983-01-08,26,31,394,5,22,5,0,Sat,1,18,,STL,W 41-16,19,26,7,73.1,286,4,0,15.4,0,148.4,0,0,0,11,11,14.08,14.08,15.1,31,108,3.5,1,394,57,6.91,79,5.73,1,,,5,35,6,78,11,113,22,,,,,,,,,,5,5,5,2,2,0,0,0,0,0,0,0,0,0,0,0,0,0
,,,,,,,,,,,,,,,,Passing,,,,,,,,,,,,,,,,,,Rushing,,,,Tot. Off.,,,,,,,,Penalties,,,,,,First Downs,,,,Downs,,,,,,,PAT,,FG,,,,,,,,,,,,,,
Rk,Team,Date,Att,Att,Tot,Pen,1stD,TD,KRTD,Day,G#,Week,,Opp,Result,Cmp,Att,Inc,Cmp%,Yds,TD,Int,TD%,Int%,Rate,Sk,Yds,Sk%,Y/A,NY/A,AY/A,ANY/A,Y/C,Att,Yds,Y/A,TD,Tot,Ply,Y/P,DPly,DY/P,TO,ToP,Time,Pen,Yds,OppPen,OppYds,CombPen,CombPenYds,1stD,Rsh,Pass,Pen,3DAtt,3DConv,3D%,4DAtt,4DConv,4D%,TD,XPA,XPM,FGA,FGM,2PA,2PM,Sfty,KRTD,PRTD,IntTD,FRTD,OthTD,RetTD,OppKRTD,OppPRTD,OppIntTD,OppFRTD
91,GNB,1983-01-02,26,30,276,6,17,3,0,Sun,9,17,@,DET,L 24-27,13,26,13,50,182,1,4,3.8,15.4,47.1,1,6,3.7,7,6.74,0.85,0.81,14,30,94,3.1,1,276,57,4.84,69,5.33,4,,,6,53,7,54,13,107,17,,,,,,,,,,3,3,3,1,1,0,0,0,0,0,0,1,0,1,0,0,0,0
92,GNB,1982-12-26,22,30,411,6,22,5,0,Sun,8,16,@,ATL,W 38-7,12,22,10,54.5,247,2,1,9.1,4.5,107.4,1,9,4.35,11.2,10.74,11,10.52,20.6,30,164,5.5,3,411,53,7.75,69,4.86,3,,,6,45,16,153,22,198,22,,,,,,,,,,5,5,5,1,1,0,0,0,0,0,0,0,0,0,0,0,0,0
93,GNB,1982-12-19,35,40,362,6,24,2,0,Sun,7,15,@,BAL,T 20-20 (OT),17,35,18,48.6,224,1,1,2.9,2.9,70.7,4,32,10.26,6.4,5.74,5.69,5.1,13.2,40,138,3.5,1,362,79,4.58,82,3.6,2,,,6,54,10,80,16,134,24,,,,,,,,,,2,2,2,3,2,0,0,0,0,0,0,0,0,0,0,0,0,0
94,GNB,1982-12-12,52,14,200,8,17,1,0,Sun,6,14,,DET,L 10-30,19,52,33,36.5,156,0,5,0,9.6,11,9,69,14.75,3,2.56,-1.33,-1.13,8.2,14,44,3.1,1,200,75,2.67,77,3.84,5,,,8,66,8,79,16,145,17,,,,,,,,,,1,1,1,2,1,0,0,0,0,0,0,0,0,0,1,0,0,0
95,GNB,1982-12-05,23,35,301,4,19,3,0,Sun,5,13,,BUF,W 33-21,14,23,9,60.9,195,1,1,4.3,4.3,84.5,0,0,0,8.5,8.48,7.39,7.39,13.9,35,106,3,1,301,58,5.19,71,4.73,3,,,4,25,4,47,8,72,19,,,,,,,,,,3,3,3,5,4,0,0,0,0,0,0,1,0,1,0,0,0,0
96,GNB,1982-11-28,30,24,263,5,17,2,0,Sun,4,12,@,NYJ,L 13-15,19,30,11,63.3,211,2,0,6.7,0,108.3,3,14,9.09,7,6.39,8.37,7.61,11.1,24,52,2.2,0,263,57,4.61,73,4.86,1,,,5,50,9,60,14,110,17,,,,,,,,,,2,2,1,1,0,0,0,0,0,0,0,0,0,0,0,0,0,0
97,GNB,1982-11-21,32,34,359,2,21,3,0,Sun,3,11,,MIN,W 26-7,19,32,13,59.4,223,1,0,3.1,0,99.1,8,62,20,7,5.58,7.59,6.08,11.7,34,136,4,1,359,74,4.85,60,3.07,1,,,2,15,3,36,5,51,21,,,,,,,,,,3,3,2,2,2,0,0,0,0,0,0,1,0,1,0,0,0,0
98,GNB,1982-09-20,20,41,361,3,16,3,0,Mon,2,2,@,NYG,W 27-19,13,20,7,65,163,1,0,5,0,114.8,4,38,16.67,8.2,6.79,9.15,7.63,12.5,41,198,4.8,2,361,65,5.55,58,4.6,1,,,3,20,4,32,7,52,16,,,,,,,,,,3,3,3,3,2,0,0,0,0,0,0,0,0,0,0,0,0,0
99,GNB,1982-09-12,27,35,377,2,22,5,0,Sun,1,1,,RAM,W 35-23,17,27,10,63,228,3,3,11.1,11.1,88.6,2,9,6.9,8.4,7.86,5.67,5.28,13.4,35,149,4.3,2,377,64,5.89,63,4.3,6,,,2,15,11,88,13,103,22,,,,,,,,,,5,5,5,0,0,0,0,0,0,0,0,0,0,0,0,0,0,0
100,HOU,1983-01-02,33,24,334,5,20,3,0,Sun,9,17,,CIN,L 27-35,22,33,11,66.7,222,1,1,3,3,85.5,1,19,2.94,6.7,6.53,5.97,5.79,10.1,24,112,4.7,2,334,58,5.76,76,6.01,2,,,5,35,5,49,10,84,20,,,,,,,,,,3,3,3,2,2,0,0,0,0,0,0,0,0,0,0,0,0,0
101,HOU,1982-12-26,37,31,369,7,21,2,0,Sun,8,16,,CLE,L 14-20,19,37,18,51.4,264,1,4,2.7,10.8,44.8,3,7,7.5,7.1,6.6,2.81,2.6,13.9,31,105,3.4,1,369,71,5.2,75,4.53,6,,,7,50,8,53,15,103,21,,,,,,,,,,2,2,2,1,0,0,0,0,0,0,0,0,0,0,0,0,0,0
102,HOU,1982-12-19,30,26,218,8,14,2,0,Sun,7,15,@,PHI,L 14-35,18,30,12,60,175,2,4,6.7,13.3,66.7,7,55,18.92,5.8,4.73,1.17,0.95,9.7,26,43,1.7,0,218,63,3.46,51,7.1,4,,,8,45,4,30,12,75,14,,,,,,,,,,2,2,2,0,0,0,0,0,0,0,0,0,0,0,0,0,1,0
103,HOU,1982-12-13,33,17,199,6,10,1,0,Mon,6,14,,DAL,L 7-37,12,33,21,36.4,160,1,0,3,0,67.6,6,39,15.38,4.8,4.1,5.45,4.62,13.3,17,39,2.3,0,199,56,3.55,69,6.03,3,,,6,55,5,30,11,85,10,,,,,,,,,,1,1,1,0,0,0,0,0,0,0,0,0,0,0,0,0,0,1
104,HOU,1982-12-05,22,25,268,8,12,2,0,Sun,5,13,@,NYG,L 14-17,17,22,5,77.3,191,2,0,9.1,0,140,5,37,18.52,8.7,7.07,10.5,8.56,11.2,25,77,3.1,0,268,52,5.15,59,6.8,0,,,8,92,6,50,14,142,12,,,,,,,,,,2,2,2,0,0,0,0,0,0,0,0,0,0,0,0,0,0,0
105,HOU,1982-11-28,33,21,240,3,18,3,0,Sun,4,12,@,NWE,L 21-29,19,33,14,57.6,169,2,1,6.1,3,86.8,6,62,15.38,5.1,4.33,4.97,4.21,8.9,21,71,3.4,1,240,60,4,60,6.3,3,,,3,20,8,50,11,70,18,,,,,,,,,,3,3,3,1,0,0,0,0,0,0,0,0,0,0,0,0,0,0
106,HOU,1982-11-21,44,23,292,4,16,1,0,Sun,3,11,,PIT,L 10-24,18,44,26,40.9,199,1,3,2.3,6.8,37.3,5,33,10.2,4.5,4.06,1.91,1.71,11.1,23,93,4,0,292,72,4.06,75,4.83,4,,,4,35,7,50,11,85,16,,,,,,,,,,1,1,1,1,1,0,0,0,0,0,0,0,0,0,0,0,0,0
107,HOU,1982-09-19,38,35,282,6,18,3,0,Sun,2,2,,SEA,W 23-21,17,38,21,44.7,112,1,2,2.6,5.3,40.6,3,19,7.32,2.9,2.73,1.11,1.02,6.6,35,170,4.9,1,282,76,3.71,71,4.27,3,,,6,60,9,80,15,140,18,,,,,,,,,,3,3,2,1,1,0,0,0,0,0,0,1,0,1,0,0,0,0
108,HOU,1982-09-12,17,23,171,5,9,1,0,Sun,1,1,@,CIN,L 6-27,11,17,6,64.7,82,1,0,5.9,0,104.8,3,37,15,4.8,4.1,6,5.1,7.5,23,89,3.9,0,171,43,3.98,77,5.44,1,,,5,32,7,62,12,94,9,,,,,,,,,,1,1,0,0,0,0,0,0,0,0,0,0,0,0,0,0,0,0
109,KAN,1983-01-02,28,35,355,7,22,4,0,Sun,9,17,,NYJ,W 37-13,18,28,10,64.3,209,3,1,10.7,3.6,109.7,2,14,6.67,7.5,6.97,8,7.47,11.6,35,146,4.2,0,355,65,5.46,63,4.89,1,,,7,70,8,76,15,146,22,,,,,,,,,,4,4,4,3,3,0,0,0,0,0,1,0,0,1,0,0,0,0
110,KAN,1982-12-26,31,33,275,3,18,1,0,Sun,8,16,,SFO,L 13-26,15,31,16,48.4,151,1,1,3.2,3.2,65,5,37,13.89,4.9,4.19,4.06,3.5,10.1,33,124,3.8,0,275,69,3.99,71,5.21,2,,,3,25,3,15,6,40,18,,,,,,,,,,1,1,1,3,2,0,0,0,0,0,0,0,0,0,0,0,1,0
111,KAN,1982-12-19,26,33,270,3,17,4,0,Sun,7,15,@,DEN,W 37-16,12,26,14,46.2,172,2,1,7.7,3.8,80.3,2,16,7.14,6.6,6.14,6.42,5.96,14.3,33,98,3,0,270,61,4.43,59,3.73,1,,,3,33,8,76,11,109,17,,,,,,,,,,4,4,4,3,3,0,0,0,0,0,2,0,0,2,0,1,0,0
112,KAN,1982-12-12,36,31,285,5,21,1,0,Sun,6,14,,RAI,L 16-21,19,36,17,52.8,206,0,0,0,0,77.3,8,64,18.18,5.7,4.68,5.72,4.68,10.8,31,79,2.5,1,285,75,3.8,59,5.81,0,,,5,78,7,58,12,136,21,,,,,,,,,,1,1,1,4,3,0,0,0,0,0,0,0,0,0,0,0,0,0
113,KAN,1982-12-05,31,20,238,4,16,2,0,Sun,5,13,@,PIT,L 14-35,18,31,13,58.1,179,1,1,3.2,3.2,81.3,8,70,20.51,5.8,4.59,4.97,3.95,9.9,20,59,3,1,238,59,4.03,61,6.16,2,,,4,22,8,67,12,89,16,,,,,,,,,,2,2,2,0,0,0,0,0,0,0,0,0,0,0,0,0,0,0
114,KAN,1982-11-28,27,35,278,4,18,2,0,Sun,4,12,@,RAM,L 14-20,12,27,15,44.4,139,1,1,3.7,3.7,61.2,3,24,10,5.1,4.63,4.22,3.8,11.6,35,139,4,1,278,65,4.28,60,4.68,1,,,4,30,4,16,8,46,18,,,,,,,,,,2,2,2,1,0,0,0,0,0,0,0,0,0,0,0,1,0,0
115,KAN,1982-11-21,25,19,286,3,14,2,0,Sun,3,11,@,NOR,L 17-27,15,25,10,60,192,2,1,8,4,100.6,6,39,19.35,7.7,6.19,7.48,6.03,12.8,19,94,4.9,0,286,50,5.72,63,4.65,2,,,3,20,5,35,8,55,14,,,,,,,,,,2,2,2,2,1,0,0,0,0,0,0,0,0,0,0,0,0,0
116,KAN,1982-09-19,30,34,282,12,20,1,0,Sun,2,2,,SDG,W 19-12,22,30,8,73.3,182,0,1,0,3.3,77.5,3,21,9.09,6.1,5.52,4.57,4.15,8.3,34,100,2.9,0,282,67,4.21,55,5.13,1,,,12,79,9,75,21,154,20,,,,,,,,,,1,1,1,4,4,0,0,0,0,0,0,1,0,1,0,0,0,0
117,KAN,1982-09-12,30,29,229,2,17,0,0,Sun,1,1,@,BUF,L 9-14,14,30,16,46.7,125,0,1,0,3.3,47.8,3,24,9.09,4.2,3.79,2.67,2.42,8.9,29,104,3.6,0,229,62,3.69,66,3.92,2,,,2,15,8,68,10,83,17,,,,,,,,,,0,0,0,4,3,0,0,0,0,0,0,0,0,0,0,0,0,0
118,MIA,1983-01-30,17,29,176,4,9,2,1,Sun,4,21,N,WAS,L 17-27,4,17,13,23.5,80,1,1,5.9,5.9,46,1,17,5.56,4.7,4.44,3.24,3.06,20,29,96,3.3,0,176,47,3.74,78,5.13,2,23:45,,4,55,5,36,9,91,9,,,,,,,,,,2,0,0,0,0,0,0,0,1,0,0,0,0,1,0,0,0,0
119,MIA,1983-01-23,21,41,198,3,13,2,0,Sun,3,20,,NYJ,W 14-0,9,21,12,42.9,60,0,3,0,14.3,15.5,4,27,16,2.9,2.4,-3.57,-3,6.7,41,138,3.4,1,198,66,3,65,2.14,4,,,3,15,6,42,9,57,13,,,,,,,,,,2,2,2,0,0,0,0,0,0,0,1,0,0,1,0,0,0,0
120,MIA,1983-01-16,23,56,413,6,29,4,0,Sun,2,19,,SDG,W 34-13,18,23,5,78.3,199,2,1,8.7,4.3,116.5,1,16,4.17,8.7,8.29,8.43,8.08,11.1,56,214,3.8,2,413,80,5.16,54,4.57,2,,,6,70,7,62,13,132,29,,,,,,,,,,4,4,4,2,2,0,0,0,0,0,0,0,0,0,0,0,0,0
,,,,,,,,,,,,,,,,Passing,,,,,,,,,,,,,,,,,,Rushing,,,,Tot. Off.,,,,,,,,Penalties,,,,,,First Downs,,,,Downs,,,,,,,PAT,,FG,,,,,,,,,,,,,,
Rk,Team,Date,Att,Att,Tot,Pen,1stD,TD,KRTD,Day,G#,Week,,Opp,Result,Cmp,Att,Inc,Cmp%,Yds,TD,Int,TD%,Int%,Rate,Sk,Yds,Sk%,Y/A,NY/A,AY/A,ANY/A,Y/C,Att,Yds,Y/A,TD,Tot,Ply,Y/P,DPly,DY/P,TO,ToP,Time,Pen,Yds,OppPen,OppYds,CombPen,CombPenYds,1stD,Rsh,Pass,Pen,3DAtt,3DConv,3D%,4DAtt,4DConv,4D%,TD,XPA,XPM,FGA,FGM,2PA,2PM,Sfty,KRTD,PRTD,IntTD,FRTD,OthTD,RetTD,OppKRTD,OppPRTD,OppIntTD,OppFRTD
121,MIA,1983-01-08,19,45,448,2,27,4,0,Sat,1,18,,NWE,W 28-13,16,19,3,84.2,234,2,0,10.5,0,153.8,2,12,9.52,12.3,11.14,14.42,13.05,14.6,45,214,4.8,2,448,66,6.79,52,4.56,3,,,2,15,4,27,6,42,27,,,,,,,,,,4,4,4,1,0,0,0,0,0,0,0,0,0,0,0,0,0,0
122,MIA,1983-01-02,24,41,371,2,22,4,0,Sun,9,17,@,BAL,W 34-7,14,24,10,58.3,239,3,0,12.5,0,131.8,0,0,0,10,9.96,12.46,12.46,17.1,41,132,3.2,1,371,65,5.71,76,3.59,2,,,2,10,3,30,5,40,22,,,,,,,,,,4,4,4,2,2,0,0,0,0,0,0,0,0,0,0,0,0,0
123,MIA,1982-12-27,18,38,242,7,17,3,0,Mon,8,16,,BUF,W 27-10,7,18,11,38.9,81,0,1,0,5.6,31.7,1,7,5.26,4.5,4.26,2,1.89,11.6,38,161,4.2,3,242,57,4.25,65,4.63,3,,,7,60,12,97,19,157,17,,,,,,,,,,3,3,3,2,2,0,0,0,0,0,0,0,0,0,0,0,0,0
124,MIA,1982-12-18,33,27,304,3,16,2,0,Sat,7,15,,NYJ,W 20-19,19,33,14,57.6,184,1,2,3,6.1,60.4,3,18,8.33,5.6,5.11,3.45,3.17,9.7,27,120,4.4,1,304,63,4.83,65,4.22,3,,,3,25,7,73,10,98,16,,,,,,,,,,2,2,2,4,2,0,0,0,0,0,0,0,0,0,0,0,0,0
125,MIA,1982-12-12,18,38,235,1,16,0,0,Sun,6,14,@,NWE,L 0-3,9,18,9,50,59,0,2,0,11.1,21.8,2,17,10,3.3,2.95,-1.72,-1.55,6.6,38,176,4.6,0,235,58,4.05,48,4.42,2,,,1,5,1,5,2,10,16,,,,,,,,,,0,0,0,1,0,0,0,0,0,0,0,0,0,0,0,0,0,0
126,MIA,1982-12-05,21,46,301,5,17,2,0,Sun,5,13,,MIN,W 22-14,13,21,8,61.9,123,0,0,0,0,79.9,1,9,4.55,5.9,5.59,5.86,5.59,9.5,46,178,3.9,2,301,68,4.43,52,3.5,1,,,5,51,2,8,7,59,17,,,,,,,,,,2,2,1,4,3,0,0,0,0,0,0,0,0,0,0,0,0,0
127,MIA,1982-11-29,47,22,330,4,18,2,0,Mon,4,12,@,TAM,L 17-23,24,47,23,51.1,227,2,5,4.3,10.6,40.9,2,17,4.08,4.8,4.63,0.89,0.86,9.5,22,103,4.7,0,330,71,4.65,59,3.64,6,,,4,22,4,30,8,52,18,,,,,,,,,,2,2,2,1,1,0,0,0,0,0,0,0,0,0,0,0,0,0
128,MIA,1982-11-21,29,32,249,4,13,0,0,Sun,3,11,@,BUF,W 9-7,12,29,17,41.4,127,0,2,0,6.9,26.1,1,0,3.33,4.4,4.23,1.28,1.23,10.6,32,122,3.8,0,249,62,4.02,64,4.03,2,,,4,30,9,64,13,94,13,,,,,,,,,,0,0,0,4,3,0,0,0,0,0,0,0,0,0,0,0,0,1
129,MIA,1982-09-19,25,34,303,1,21,3,0,Sun,2,2,,BAL,W 24-20,16,25,9,64,161,1,0,4,0,98.7,1,19,3.85,6.4,6.19,7.24,6.96,10.1,34,142,4.2,2,303,60,5.05,62,4.13,2,,,1,5,6,63,7,68,21,,,,,,,,,,3,3,3,1,1,0,0,0,0,0,0,0,0,0,0,0,0,0
130,MIA,1982-09-12,23,55,323,7,25,6,0,Sun,1,1,@,NYJ,W 45-28,15,23,8,65.2,113,1,1,4.3,4.3,73.3,0,0,0,4.9,4.91,3.83,3.83,7.5,55,210,3.8,2,323,78,4.14,57,5.98,2,,,7,32,13,91,20,123,25,,,,,,,,,,6,6,6,1,1,0,0,0,0,1,2,0,0,3,0,0,0,0
131,MIN,1983-01-15,39,18,317,5,15,1,0,Sat,2,19,@,WAS,L 7-21,18,39,21,46.2,238,0,0,0,0,67.5,2,14,4.88,6.1,5.8,6.1,5.8,13.2,18,79,4.4,1,317,59,5.37,67,6.19,0,,,5,39,3,25,8,64,15,,,,,,,,,,1,1,1,1,0,0,0,0,0,0,0,0,0,0,0,0,0,0
132,MIN,1983-01-09,34,42,378,10,30,3,0,Sun,1,18,,ATL,W 30-24,20,34,14,58.8,253,2,1,5.9,2.9,89.5,0,0,0,7.4,7.44,7.29,7.29,12.7,42,125,3,1,378,76,4.97,50,4.7,1,,,10,84,7,98,17,182,30,,,,,,,,,,3,3,3,3,3,0,0,0,0,0,0,0,0,0,0,0,1,1
133,MIN,1983-01-03,34,38,381,6,23,4,0,Mon,9,17,,DAL,W 31-27,18,34,16,52.9,222,2,2,5.9,5.9,71,3,20,8.11,6.5,6,5.06,4.65,12.3,38,159,4.2,1,381,75,5.08,62,5.87,3,,,6,55,5,35,11,90,23,,,,,,,,,,4,4,4,1,1,0,0,0,0,0,1,0,0,1,0,0,1,0
134,MIN,1982-12-26,58,35,484,4,28,2,0,Sun,8,16,,NYJ,L 14-42,33,58,25,56.9,329,1,3,1.7,5.2,57.7,1,5,1.69,5.7,5.58,3.69,3.63,10,35,155,4.4,1,484,94,5.15,51,6.35,3,,,4,26,5,30,9,56,28,,,,,,,,,,2,2,2,2,0,0,0,0,0,0,0,0,0,0,0,0,1,0
135,MIN,1982-12-19,29,34,332,16,17,4,0,Sun,7,15,@,DET,W 34-31,20,29,9,69,216,3,0,10.3,0,127.5,4,17,12.12,7.4,6.55,9.52,8.36,10.8,34,116,3.4,0,332,67,4.96,64,5.41,0,,,16,122,3,20,19,142,17,,,,,,,,,,4,4,4,3,2,0,0,0,0,0,0,1,0,1,0,0,0,0
136,MIN,1982-12-12,35,31,345,9,16,1,0,Sun,6,14,,BAL,W 13-10,19,35,16,54.3,258,1,1,2.9,2.9,75.7,0,0,0,7.4,7.37,6.66,6.66,13.6,31,87,2.8,0,345,66,5.23,64,3.09,1,,,9,82,3,29,12,111,16,,,,,,,,,,1,1,1,4,2,0,0,0,0,0,0,0,0,0,0,0,1,0
137,MIN,1982-12-05,28,19,182,2,13,2,0,Sun,5,13,@,MIA,L 14-22,16,28,12,57.1,89,0,3,0,10.7,29,5,38,15.15,3.2,2.7,-1.64,-1.39,5.6,19,93,4.9,2,182,52,3.5,68,4.43,4,,,2,8,5,51,7,59,13,,,,,,,,,,2,2,2,0,0,0,0,0,0,0,0,0,0,0,0,0,0,0
138,MIN,1982-11-28,35,22,384,5,20,5,0,Sun,4,12,,CHI,W 35-7,26,35,9,74.3,321,5,2,14.3,5.7,120.5,3,21,7.89,9.2,8.45,9.46,8.71,12.3,22,63,2.9,0,384,60,6.4,62,3.18,3,,,5,35,9,80,14,115,20,,,,,,,,,,5,5,5,0,0,0,0,0,0,0,0,0,0,0,0,0,0,0
139,MIN,1982-11-21,41,17,184,3,12,1,0,Sun,3,11,@,GNB,L 7-26,19,41,22,46.3,159,0,0,0,0,58.3,2,14,4.65,3.9,3.7,3.88,3.7,8.4,17,25,1.5,1,184,60,3.07,74,4.85,1,,,3,36,2,15,5,51,12,,,,,,,,,,1,1,1,0,0,0,0,0,0,0,0,0,0,0,0,0,0,1
140,MIN,1982-09-16,46,17,371,15,22,2,0,Thu,2,2,@,BUF,L 22-23,20,46,26,43.5,258,2,1,4.3,2.2,67.8,1,7,2.13,5.6,5.49,5.5,5.38,12.9,17,113,6.6,0,371,64,5.8,77,5.86,1,,,15,117,9,88,24,205,22,,,,,,,,,,2,2,2,2,2,0,0,1,0,0,0,0,0,0,0,0,0,0
141,MIN,1982-09-12,28,32,216,2,16,2,0,Sun,1,1,,TAM,W 17-10,16,28,12,57.1,115,1,0,3.6,0,81.1,3,16,9.68,4.1,3.71,4.82,4.35,7.2,32,101,3.2,1,216,63,3.43,60,5.92,1,,,2,15,7,51,9,66,16,,,,,,,,,,2,2,2,2,1,0,0,0,0,0,0,0,0,0,0,0,0,0
142,NOR,1983-01-02,36,37,462,6,32,5,0,Sun,9,17,,ATL,W 35-6,25,36,11,69.4,310,2,2,5.6,5.6,91.2,0,0,0,8.6,8.61,7.22,7.22,12.4,37,152,4.1,3,462,73,6.33,53,4.68,3,,,6,41,6,61,12,102,32,,,,,,,,,,5,5,5,1,0,0,0,0,0,0,0,0,0,0,0,0,0,0
143,NOR,1982-12-26,24,35,197,4,14,1,0,Sun,8,16,,WAS,L 10-27,9,24,15,37.5,77,0,1,0,4.2,34,5,27,17.24,3.2,2.66,1.33,1.1,8.6,35,120,3.4,1,197,64,3.08,63,7.11,1,,,4,33,8,86,12,119,14,,,,,,,,,,1,1,1,1,1,0,0,0,0,0,0,0,0,0,0,0,0,0
144,NOR,1982-12-19,22,46,301,8,18,1,0,Sun,7,15,@,DAL,L 7-21,6,22,16,27.3,63,0,3,0,13.6,3.8,3,23,12,2.9,2.52,-3.27,-2.88,10.5,46,238,5.2,1,301,71,4.24,57,5.54,4,,,8,70,4,35,12,105,18,,,,,,,,,,1,1,1,3,0,0,0,0,0,0,0,0,0,0,0,0,0,0
145,NOR,1982-12-12,33,20,91,10,13,0,0,Sun,6,14,@,ATL,L 0-35,12,33,21,36.4,21,0,3,0,9.1,7,7,48,17.5,0.6,0.53,-3.45,-2.85,1.8,20,70,3.5,0,91,60,1.52,79,4.16,6,,,10,91,9,82,19,173,13,,,,,,,,,,0,0,0,0,0,0,0,0,0,0,0,0,0,0,0,0,0,0
146,NOR,1982-12-05,43,27,380,7,25,1,0,Sun,5,13,,TAM,L 10-13,29,43,14,67.4,311,1,0,2.3,0,98.3,2,22,4.44,7.2,6.91,7.7,7.36,10.7,27,69,2.6,0,380,72,5.28,52,5.21,3,,,7,65,5,54,12,119,25,,,,,,,,,,1,1,1,3,1,0,0,0,0,0,0,0,0,0,0,0,0,0
147,NOR,1982-11-28,20,45,324,6,17,3,0,Sun,4,12,@,SFO,W 23-20,11,20,9,55,154,1,1,5,5,75.8,0,0,0,7.7,7.7,6.45,6.45,14,45,170,3.8,2,324,65,4.98,60,6.27,1,,,6,44,7,35,13,79,17,,,,,,,,,,3,3,2,1,1,0,0,0,0,0,0,0,0,0,0,0,0,0
148,NOR,1982-11-21,19,44,293,5,21,3,0,Sun,3,11,,KAN,W 27-17,14,19,5,73.7,144,2,1,10.5,5.3,108.2,0,0,0,7.6,7.58,7.32,7.32,10.3,44,149,3.4,1,293,63,4.65,50,5.72,1,,,5,35,3,20,8,55,21,,,,,,,,,,3,3,3,2,2,0,0,0,0,0,0,0,0,0,0,0,0,0
149,NOR,1982-09-19,17,53,317,8,17,1,0,Sun,2,2,@,CHI,W 10-0,11,17,6,64.7,135,1,1,5.9,5.9,87.1,1,12,5.56,7.9,7.5,6.47,6.11,12.3,53,182,3.4,0,317,71,4.46,56,3.27,1,,,8,60,4,25,12,85,17,,,,,,,,,,1,1,1,1,1,0,0,0,0,0,0,0,0,0,0,0,0,0
150,NOR,1982-09-12,34,24,290,9,16,1,0,Sun,1,1,,STL,L 7-21,20,34,14,58.8,183,1,2,2.9,5.9,63.8,5,41,12.82,5.4,4.69,3.32,2.9,9.2,24,107,4.5,0,290,63,4.6,61,2.46,4,,,9,75,6,61,15,136,16,,,,,,,,,,1,1,1,1,0,0,0,0,0,0,0,0,0,0,0,0,0,0
,,,,,,,,,,,,,,,,Passing,,,,,,,,,,,,,,,,,,Rushing,,,,Tot. Off.,,,,,,,,Penalties,,,,,,First Downs,,,,Downs,,,,,,,PAT,,FG,,,,,,,,,,,,,,
Rk,Team,Date,Att,Att,Tot,Pen,1stD,TD,KRTD,Day,G#,Week,,Opp,Result,Cmp,Att,Inc,Cmp%,Yds,TD,Int,TD%,Int%,Rate,Sk,Yds,Sk%,Y/A,NY/A,AY/A,ANY/A,Y/C,Att,Yds,Y/A,TD,Tot,Ply,Y/P,DPly,DY/P,TO,ToP,Time,Pen,Yds,OppPen,OppYds,CombPen,CombPenYds,1stD,Rsh,Pass,Pen,3DAtt,3DConv,3D%,4DAtt,4DConv,4D%,TD,XPA,XPM,FGA,FGM,2PA,2PM,Sfty,KRTD,PRTD,IntTD,FRTD,OthTD,RetTD,OppKRTD,OppPRTD,OppIntTD,OppFRTD
151,NWE,1983-01-08,30,18,237,4,14,1,0,Sat,1,18,@,MIA,L 13-28,16,30,14,53.3,160,1,2,3.3,6.7,56.1,4,29,11.76,5.3,4.71,3,2.65,10,18,77,4.3,0,237,52,4.56,66,6.79,3,,,4,27,2,15,6,42,14,,,,,,,,,,1,1,1,2,2,0,0,0,0,0,0,0,0,0,0,0,0,0
152,NWE,1983-01-02,34,40,418,2,29,4,0,Sun,9,17,,BUF,W 30-19,20,34,14,58.8,260,3,1,8.8,2.9,100.1,0,0,0,7.6,7.65,8.09,8.09,13,40,158,4,1,418,74,5.65,54,6.54,1,,,2,10,5,34,7,44,29,,,,,,,,,,4,4,3,1,1,0,0,0,0,0,0,0,0,0,0,0,0,0
153,NWE,1982-12-26,40,15,331,8,14,2,0,Sun,8,16,@,PIT,L 14-37,18,40,22,45,283,2,1,5,2.5,77.2,1,18,2.44,7.1,6.9,6.95,6.78,15.7,15,48,3.2,0,331,56,5.91,79,6.25,1,,,8,62,3,20,11,82,14,,,,,,,,,,2,2,2,0,0,0,0,0,0,0,0,0,0,0,0,0,0,0
154,NWE,1982-12-19,20,60,393,4,25,1,0,Sun,7,15,@,SEA,W 16-0,14,20,6,70,144,1,0,5,0,109.8,1,13,4.76,7.2,6.86,8.2,7.81,10.3,60,249,4.2,0,393,81,4.85,51,3.35,1,,,4,35,7,53,11,88,25,,,,,,,,,,1,1,1,5,3,0,0,0,0,0,0,0,0,0,0,0,0,0
155,NWE,1982-12-12,5,43,212,1,13,0,0,Sun,6,14,,MIA,W 3-0,2,5,3,40,13,0,1,0,20,8.3,0,0,0,2.6,2.6,-6.4,-6.4,6.5,43,199,4.6,0,212,48,4.42,58,4.05,1,,,1,5,1,5,2,10,13,,,,,,,,,,0,0,0,2,1,0,0,0,0,0,0,0,0,0,0,0,0,0
156,NWE,1982-12-05,28,21,249,4,15,2,0,Sun,5,13,@,CHI,L 13-26,13,28,15,46.4,203,0,2,0,7.1,45.4,5,28,15.15,7.3,6.15,4.04,3.42,15.6,21,46,2.2,1,249,54,4.61,69,4.96,4,,,4,45,5,38,9,83,15,,,,,,,,,,2,2,1,1,0,0,0,0,0,0,1,0,0,1,0,0,0,0
157,NWE,1982-11-28,16,42,378,8,17,3,0,Sun,4,12,,HOU,W 29-21,10,16,6,62.5,188,3,0,18.8,0,144.5,2,7,11.11,11.8,10.44,15.5,13.78,18.8,42,190,4.5,0,378,60,6.3,60,4,3,,,8,50,3,20,11,70,17,,,,,,,,,,3,3,3,2,2,0,0,1,0,0,0,0,0,0,0,0,0,0
158,NWE,1982-11-21,11,38,265,9,13,1,0,Sun,3,11,@,CLE,L 7-10,3,11,8,27.3,96,1,0,9.1,0,93.7,0,0,0,8.7,8.73,10.55,10.55,32,38,169,4.4,0,265,49,5.41,66,3.41,2,,,9,55,7,45,16,100,13,,,,,,,,,,1,1,1,1,0,0,0,0,0,0,0,0,0,0,0,0,0,0
159,NWE,1982-09-19,17,21,57,4,5,1,1,Sun,2,2,,NYJ,L 7-31,6,17,11,35.3,-4,0,3,0,17.6,7.6,6,68,26.09,-0.2,-0.17,-8.18,-6.04,-0.7,21,61,2.9,0,57,44,1.3,82,4.83,3,,,4,63,6,65,10,128,5,,,,,,,,,,1,1,1,0,0,0,0,0,1,0,0,0,0,1,0,0,0,0
160,NWE,1982-09-12,16,44,330,12,15,3,0,Sun,1,1,@,BAL,W 24-13,7,16,9,43.8,103,2,1,12.5,6.3,78.9,0,0,0,6.4,6.44,6.13,6.13,14.7,44,227,5.2,1,330,60,5.5,83,4.24,1,,,12,87,2,10,14,97,15,,,,,,,,,,3,3,3,1,1,0,0,0,0,0,0,0,0,0,0,0,0,0
161,NYG,1983-01-02,35,31,304,5,20,2,0,Sun,9,17,@,PHI,W 26-24,21,35,14,60,186,1,3,2.9,8.6,49.2,1,10,2.78,5.3,5.17,2.03,1.97,8.9,31,118,3.8,1,304,67,4.54,51,3.94,4,,,5,45,7,36,12,81,20,,,,,,,,,,2,2,2,5,4,0,0,0,0,0,0,0,0,0,0,0,0,0
162,NYG,1982-12-26,51,17,394,8,22,3,0,Sun,8,16,@,STL,L 21-24,29,51,22,56.9,316,2,0,3.9,0,89.2,1,10,1.92,6.2,6.08,6.98,6.85,10.9,17,78,4.6,1,394,69,5.71,76,4.95,0,,,8,57,5,23,13,80,22,,,,,,,,,,3,3,3,1,0,0,0,0,0,0,0,0,0,0,0,0,0,0
163,NYG,1982-12-19,26,20,139,4,10,2,0,Sun,7,15,@,WAS,L 14-15,10,26,16,38.5,84,1,0,3.8,0,67.5,5,44,16.13,3.2,2.71,4,3.35,8.4,20,55,2.8,1,139,51,2.73,80,4.69,2,,,4,35,5,34,9,69,10,,,,,,,,,,2,2,2,0,0,0,0,0,0,0,0,0,0,0,0,0,0,0
164,NYG,1982-12-11,26,40,353,5,19,2,0,Sat,6,14,,PHI,W 23-7,17,26,9,65.4,250,2,0,7.7,0,125.8,4,22,13.33,9.6,8.33,11.15,9.67,14.7,40,103,2.6,0,353,70,5.04,52,3.81,1,,,5,45,6,43,11,88,19,,,,,,,,,,2,2,2,3,3,0,0,0,0,0,0,0,0,0,0,0,0,0
165,NYG,1982-12-05,30,29,401,6,20,2,0,Sun,5,13,,HOU,W 17-14,18,30,12,60,289,1,0,3.3,0,103.3,0,0,0,9.6,9.63,10.3,10.3,16.1,29,112,3.9,1,401,59,6.8,52,5.15,1,,,6,50,8,92,14,142,20,,,,,,,,,,2,2,2,3,1,0,0,0,0,0,0,0,0,0,0,0,0,0
166,NYG,1982-11-25,28,27,206,6,10,1,0,Thu,4,12,@,DET,W 13-6,12,28,16,42.9,118,0,2,0,7.1,28.3,2,18,6.67,4.2,3.93,1,0.93,9.8,27,88,3.3,0,206,57,3.61,72,4.46,3,,,6,36,8,86,14,122,10,,,,,,,,,,1,1,1,4,2,0,0,0,0,0,1,0,0,1,0,0,0,0
167,NYG,1982-11-21,28,31,287,4,20,2,0,Sun,3,11,,WAS,L 17-27,14,28,14,50,151,1,1,3.6,3.6,65.9,3,18,9.68,5.4,4.87,4.5,4.06,10.8,31,136,4.4,1,287,62,4.63,65,4.8,1,,,4,25,5,35,9,60,20,,,,,,,,,,2,2,2,2,1,0,0,0,0,0,0,0,0,0,0,0,0,0
168,NYG,1982-09-20,33,25,267,4,15,2,0,Mon,2,2,,GNB,L 19-27,15,33,18,45.5,191,0,2,0,6.1,38.8,0,0,0,5.8,5.79,3.06,3.06,12.7,25,76,3,2,267,58,4.6,65,5.55,3,,,4,32,3,20,7,52,15,,,,,,,,,,2,2,2,1,1,0,0,1,0,0,0,0,0,0,0,0,0,0
169,NYG,1982-09-12,41,24,378,5,17,2,0,Sun,1,1,,ATL,L 14-16,25,41,16,61,302,2,1,4.9,2.4,90.5,1,8,2.38,7.4,7.19,7.24,7.07,12.1,24,76,3.2,0,378,66,5.73,63,4.32,4,,,5,44,7,48,12,92,17,,,,,,,,,,2,2,2,2,0,0,0,0,0,0,0,0,0,0,0,0,0,1
170,NYJ,1983-01-23,37,24,139,6,10,0,0,Sun,3,20,@,MIA,L 0-14,15,37,22,40.5,77,0,5,0,13.5,8.8,4,26,9.76,2.1,1.88,-4,-3.61,5.1,24,62,2.6,0,139,65,2.14,66,3,5,,,6,42,3,15,9,57,10,,,,,,,,,,0,0,0,0,0,0,0,0,0,0,0,0,0,0,0,0,1,0
171,NYJ,1983-01-15,24,34,391,7,21,2,0,Sat,2,19,@,RAI,W 17-14,15,24,9,62.5,252,1,2,4.2,8.3,81.4,4,25,14.29,10.5,9,7.58,6.5,16.8,34,139,4.1,1,391,62,6.31,65,5.22,5,,,7,64,5,55,12,119,21,,,,,,,,,,2,2,2,2,1,0,0,0,0,0,0,0,0,0,0,0,0,0
172,NYJ,1983-01-09,29,34,517,12,27,5,0,Sun,1,18,@,CIN,W 44-17,21,29,8,72.4,283,2,1,6.9,3.4,111.7,0,0,0,9.8,9.76,9.59,9.59,13.5,34,234,6.9,2,517,63,8.21,61,6.48,2,,,12,95,7,60,19,155,27,,,,,,,,,,5,5,5,3,3,0,0,0,0,0,1,0,0,1,0,0,0,0
173,NYJ,1983-01-02,39,23,308,8,19,1,0,Sun,9,17,@,KAN,L 13-37,20,39,19,51.3,175,1,2,2.6,5.1,52,1,12,2.5,4.5,4.38,2.69,2.63,8.8,23,133,5.8,0,308,63,4.89,65,5.46,2,,,8,76,7,70,15,146,19,,,,,,,,,,1,1,1,2,2,0,0,0,0,0,0,0,0,0,0,0,1,0
174,NYJ,1982-12-26,23,25,324,5,15,6,0,Sun,8,16,@,MIN,W 42-14,16,23,7,69.6,232,2,0,8.7,0,135.4,3,24,11.54,10.1,8.92,11.83,10.46,14.5,25,92,3.7,2,324,51,6.35,94,5.15,1,,,5,30,4,26,9,56,15,,,,,,,,,,6,6,6,1,0,0,0,0,0,0,1,0,1,2,0,0,0,0
175,NYJ,1982-12-18,32,30,274,7,17,2,0,Sat,7,15,@,MIA,L 19-20,18,32,14,56.3,166,2,2,6.3,6.3,69.1,3,29,8.57,5.2,4.74,3.63,3.31,9.2,30,108,3.6,0,274,65,4.22,63,4.83,2,,,7,73,3,25,10,98,17,,,,,,,,,,2,2,1,3,2,0,0,0,0,0,0,0,0,0,0,0,0,0
176,NYJ,1982-12-12,29,39,307,4,22,4,0,Sun,6,14,,TAM,W 32-17,17,29,12,58.6,169,1,0,3.4,0,89.6,2,20,6.45,5.8,5.45,6.52,6.1,9.9,39,138,3.5,3,307,70,4.39,60,4.18,2,,,4,33,3,20,7,53,22,,,,,,,,,,4,4,2,3,2,0,0,0,0,0,0,0,0,0,0,0,0,0
177,NYJ,1982-12-06,32,35,437,7,21,4,0,Mon,5,13,@,DET,W 28-13,23,32,9,71.9,350,3,1,9.4,3.1,130.2,4,34,11.11,10.9,9.72,11.41,10.14,15.2,35,87,2.5,1,437,71,6.15,67,4.09,3,,,7,65,5,33,12,98,21,,,,,,,,,,4,4,4,2,0,0,0,0,0,0,0,0,0,0,0,0,0,0
178,NYJ,1982-11-28,36,35,355,9,20,2,0,Sun,4,12,,GNB,W 15-13,20,36,16,55.6,221,1,1,2.8,2.8,73.8,2,19,5.26,6.1,5.82,5.44,5.16,11.1,35,134,3.8,1,355,73,4.86,57,4.61,2,,,9,60,5,50,14,110,20,,,,,,,,,,2,2,0,2,1,0,0,0,0,0,0,0,0,0,0,0,0,0
179,NYJ,1982-11-21,31,42,476,4,29,4,0,Sun,3,11,,BAL,W 37-0,16,31,15,51.6,249,2,0,6.5,0,101.3,1,9,3.13,8,7.78,9.32,9.03,15.6,42,227,5.4,2,476,74,6.43,59,5.39,0,,,4,40,5,26,9,66,29,,,,,,,,,,4,4,4,3,3,0,0,0,0,0,0,0,0,0,0,0,0,0
180,NYJ,1982-09-19,27,52,396,6,30,4,0,Sun,2,2,@,NWE,W 31-7,17,27,10,63,142,1,0,3.7,0,92.4,3,23,10,5.3,4.73,6,5.4,8.4,52,254,4.9,3,396,82,4.83,44,1.3,2,,,6,65,4,63,10,128,30,,,,,,,,,,4,4,4,1,1,0,0,0,0,0,0,0,0,0,1,0,0,0
,,,,,,,,,,,,,,,,Passing,,,,,,,,,,,,,,,,,,Rushing,,,,Tot. Off.,,,,,,,,Penalties,,,,,,First Downs,,,,Downs,,,,,,,PAT,,FG,,,,,,,,,,,,,,
Rk,Team,Date,Att,Att,Tot,Pen,1stD,TD,KRTD,Day,G#,Week,,Opp,Result,Cmp,Att,Inc,Cmp%,Yds,TD,Int,TD%,Int%,Rate,Sk,Yds,Sk%,Y/A,NY/A,AY/A,ANY/A,Y/C,Att,Yds,Y/A,TD,Tot,Ply,Y/P,DPly,DY/P,TO,ToP,Time,Pen,Yds,OppPen,OppYds,CombPen,CombPenYds,1stD,Rsh,Pass,Pen,3DAtt,3DConv,3D%,4DAtt,4DConv,4D%,TD,XPA,XPM,FGA,FGM,2PA,2PM,Sfty,KRTD,PRTD,IntTD,FRTD,OthTD,RetTD,OppKRTD,OppPRTD,OppIntTD,OppFRTD
181,NYJ,1982-09-12,30,23,341,13,20,4,0,Sun,1,1,,MIA,L 28-45,18,30,12,60,197,3,3,10,10,78.2,4,36,11.76,6.6,5.79,4.07,3.59,10.9,23,144,6.3,1,341,57,5.98,78,4.14,4,,,13,91,7,32,20,123,20,,,,,,,,,,4,4,4,0,0,0,0,0,0,0,0,0,0,0,0,1,2,0
182,PHI,1983-01-02,26,22,201,7,15,3,0,Sun,9,17,,NYG,L 24-26,16,26,10,61.5,151,2,1,7.7,3.8,89.1,3,12,10.34,5.8,5.21,5.62,5.03,9.4,22,50,2.3,1,201,51,3.94,67,4.54,2,,,7,36,5,45,12,81,15,,,,,,,,,,3,3,3,1,1,0,0,0,0,0,0,0,0,0,0,0,0,0
183,PHI,1982-12-26,23,30,236,3,16,3,0,Sun,8,16,@,DAL,W 24-20,14,23,9,60.9,153,1,2,4.3,8.7,62.8,2,22,8,6.7,6.12,3.61,3.32,10.9,30,83,2.8,1,236,55,4.29,70,3.5,4,,,3,20,3,19,6,39,16,,,,,,,,,,3,3,3,1,1,0,0,0,0,0,0,1,0,1,0,0,0,0
184,PHI,1982-12-19,21,26,362,4,17,5,0,Sun,7,15,,HOU,W 35-14,12,21,9,57.1,164,1,1,4.8,4.8,88.8,4,53,16,7.8,6.56,6.62,5.56,13.7,26,198,7.6,3,362,51,7.1,63,3.46,2,,,4,30,8,45,12,75,17,,,,,,,,,,5,5,5,0,0,0,0,0,0,0,1,0,0,1,0,0,0,0
185,PHI,1982-12-11,30,14,198,6,9,1,0,Sat,6,14,@,NYG,L 7-23,17,30,13,56.7,157,1,2,3.3,6.7,62.9,8,61,21.05,5.2,4.13,2.9,2.29,9.2,14,41,2.9,0,198,52,3.81,70,5.04,2,,,6,43,5,45,11,88,9,,,,,,,,,,1,1,1,0,0,0,0,0,0,0,0,0,0,0,0,0,0,0
186,PHI,1982-12-05,24,22,245,4,14,3,0,Sun,5,13,,STL,L 20-23,15,24,9,62.5,145,2,0,8.3,0,110.2,2,18,7.69,6,5.58,7.71,7.12,9.7,22,100,4.5,1,245,48,5.1,77,4.68,2,,,4,35,5,34,9,69,14,,,,,,,,,,3,3,2,1,0,0,0,0,0,0,0,0,0,0,0,0,0,0
187,PHI,1982-11-28,42,23,319,1,17,1,0,Sun,4,12,@,WAS,L 9-13,18,42,24,42.9,218,1,4,2.4,9.5,29.3,2,15,4.55,5.2,4.95,1.38,1.32,12.1,23,101,4.4,0,319,67,4.76,63,4.68,5,,,1,5,4,30,5,35,17,,,,,,,,,,1,1,0,2,1,0,0,0,0,0,0,0,0,0,0,0,0,0
188,PHI,1982-11-21,43,22,275,4,19,2,0,Sun,3,11,,CIN,L 14-18,24,43,19,55.8,213,0,2,0,4.7,51.1,3,13,6.52,5,4.63,2.86,2.67,8.9,22,62,2.8,2,275,68,4.04,62,5,3,,,4,30,6,32,10,62,19,,,,,,,,,,2,2,2,1,0,0,0,0,0,0,0,0,0,0,0,0,0,0
189,PHI,1982-09-19,41,25,423,3,25,3,0,Sun,2,2,@,CLE,W 24-21,25,41,16,61,330,2,1,4.9,2.4,92.9,1,4,2.38,8,7.86,7.93,7.74,13.2,25,93,3.7,1,423,67,6.31,72,5.08,2,,,3,15,4,30,7,45,25,,,,,,,,,,3,3,3,1,1,0,0,0,0,0,0,0,0,0,0,0,0,0
190,PHI,1982-09-12,38,27,426,6,25,4,0,Sun,1,1,,WAS,L 34-37 (OT),27,38,11,71.1,325,2,0,5.3,0,119.5,6,46,13.64,8.6,7.39,9.61,8.3,12,27,101,3.7,2,426,71,6,70,6.96,1,,,6,39,5,61,11,100,25,,,,,,,,,,4,4,4,2,2,0,0,0,0,0,0,0,0,0,0,0,0,0
191,PIT,1983-01-09,39,23,422,6,26,4,0,Sun,1,18,,SDG,L 28-31,28,39,11,71.8,325,2,2,5.1,5.1,92.4,0,0,0,8.3,8.33,7.05,7.05,11.6,23,97,4.2,1,422,62,6.81,71,6.75,2,,,6,54,6,51,12,105,26,,,,,,,,,,4,4,4,0,0,0,0,0,0,0,0,1,0,1,0,0,0,0
192,PIT,1983-01-02,24,49,521,10,27,5,0,Sun,9,17,,CLE,W 37-21,14,24,10,58.3,260,2,2,8.3,8.3,90.5,1,9,4,10.8,10.4,8.75,8.4,18.6,49,261,5.3,2,521,74,7.04,70,4.93,3,,,10,117,5,37,15,154,27,,,,,,,,,,5,4,4,2,1,0,0,0,0,0,0,0,1,1,0,0,0,0
193,PIT,1982-12-26,27,52,494,3,28,4,0,Sun,8,16,,NWE,W 37-14,17,27,10,63,282,2,0,7.4,0,122.8,0,0,0,10.4,10.44,11.93,11.93,16.6,52,212,4.1,2,494,79,6.25,56,5.91,2,,,3,20,8,62,11,82,28,,,,,,,,,,4,4,4,3,3,0,0,0,0,0,0,0,0,0,0,0,0,0
194,PIT,1982-12-19,39,25,222,7,15,1,0,Sun,7,15,@,CLE,L 9-10,12,39,27,30.8,124,1,4,2.6,10.3,12.1,3,20,7.14,3.2,2.95,-0.92,-0.86,10.3,25,98,3.9,0,222,67,3.31,73,3.07,5,,,7,43,8,75,15,118,15,,,,,,,,,,1,1,1,0,0,0,0,1,0,0,0,0,0,0,0,0,0,0
195,PIT,1982-12-12,23,22,94,7,6,0,0,Sun,6,14,@,BUF,L 0-13,4,23,19,17.4,-2,0,3,0,13,0,5,34,17.86,-0.1,-0.07,-5.96,-4.89,-0.5,22,96,4.4,0,94,50,1.88,76,4.46,4,,,7,47,6,45,13,92,6,,,,,,,,,,0,0,0,0,0,0,0,0,0,0,0,0,0,0,0,0,0,0
196,PIT,1982-12-05,25,35,376,8,20,5,0,Sun,5,13,,KAN,W 35-14,18,25,7,72,275,3,2,12,8,115.5,1,8,3.85,11,10.58,9.8,9.42,15.3,35,101,2.9,2,376,61,6.16,59,4.03,2,,,8,67,4,22,12,89,20,,,,,,,,,,5,5,5,0,0,0,0,0,0,0,0,0,0,0,0,0,0,0
197,PIT,1982-11-28,27,23,218,4,12,0,0,Sun,4,12,@,SEA,L 0-16,14,27,13,51.9,135,0,3,0,11.1,27.3,1,5,3.57,5,4.82,0,0,9.6,23,83,3.6,0,218,51,4.27,65,4.46,5,,,4,25,3,25,7,50,12,,,,,,,,,,0,0,0,0,0,0,0,0,0,0,0,0,0,0,0,0,0,0
198,PIT,1982-11-21,40,31,362,7,20,3,0,Sun,3,11,@,HOU,W 24-10,16,40,24,40,199,3,2,7.5,5,63.3,4,29,9.09,5,4.52,4.23,3.84,12.4,31,163,5.3,0,362,75,4.83,72,4.06,3,,,7,50,4,35,11,85,20,,,,,,,,,,3,3,3,1,1,0,0,0,0,0,0,0,0,0,0,0,0,0
199,PIT,1982-09-19,42,17,295,5,20,3,0,Sun,2,2,,CIN,W 26-20 (OT),29,42,13,69,269,3,0,7.1,0,113,3,29,6.67,6.4,5.98,7.83,7.31,9.3,17,26,1.5,0,295,62,4.76,65,5.83,0,,,5,46,4,40,9,86,20,,,,,,,,,,3,2,2,2,2,0,0,0,0,0,0,0,0,0,0,0,0,0
200,PIT,1982-09-13,28,35,388,8,23,4,0,Mon,1,1,@,DAL,W 36-28,17,28,11,60.7,241,3,0,10.7,0,125,1,5,3.45,8.6,8.31,10.75,10.38,14.2,35,147,4.2,1,388,64,6.06,63,6.92,1,,,8,44,3,14,11,58,23,,,,,,,,,,4,3,3,4,3,0,0,0,0,0,0,0,0,0,0,0,0,
201,RAI,1983-01-15,33,30,339,5,19,2,0,Sat,2,19,,NYJ,L 14-17,21,33,12,63.6,246,1,3,3,9.1,60.9,2,20,5.71,7.5,7.03,3.97,3.74,11.7,30,93,3.1,1,339,65,5.22,62,6.31,5,,,5,55,7,64,12,119,19,,,,,,,,,,2,2,2,1,0,0,0,0,0,0,0,0,0,0,0,0,0,0
202,RAI,1983-01-08,37,36,510,6,25,3,0,Sat,1,18,,CLE,W 27-10,24,37,13,64.9,370,0,2,0,5.4,77.1,2,16,5.13,10,9.49,7.57,7.18,15.4,36,140,3.9,3,510,75,6.8,61,4.66,2,,,6,65,4,35,10,100,25,,,,,,,,,,3,3,3,3,2,0,0,0,0,0,0,0,0,0,0,0,0,0
203,RAI,1983-01-02,28,29,354,10,21,5,0,Sun,9,17,@,SDG,W 41-34,17,28,11,60.7,197,1,0,3.6,0,98.4,3,30,9.68,7,6.35,7.75,7,11.6,29,157,5.4,2,354,60,5.9,74,5.92,1,,,10,123,4,28,14,151,21,,,,,,,,,,5,5,5,2,2,0,0,0,0,0,2,0,0,2,0,0,0,0
204,RAI,1982-12-26,34,30,312,9,16,3,0,Sun,8,16,,DEN,W 27-10,16,34,18,47.1,251,2,1,5.9,2.9,80.6,2,10,5.56,7.4,6.97,7.24,6.83,15.7,30,61,2,1,312,66,4.73,85,4.06,4,,,9,76,7,90,16,166,16,,,,,,,,,,3,3,3,2,2,0,0,0,0,0,0,0,0,0,0,0,0,0
205,RAI,1982-12-18,34,36,431,14,26,5,0,Sat,7,15,,RAM,W 37-31,22,34,12,64.7,297,2,4,5.9,11.8,75.4,2,24,5.56,8.7,8.25,4.62,4.36,13.5,36,134,3.7,3,431,72,5.99,65,4.18,4,,,14,120,5,30,19,150,26,,,,,,,,,,5,5,4,2,1,0,0,0,0,0,0,0,0,0,0,0,0,0
206,RAI,1982-12-12,33,24,343,7,18,3,0,Sun,6,14,@,KAN,W 21-16,18,33,15,54.5,284,3,1,9.1,3,103.5,2,19,5.71,8.6,8.11,9.06,8.54,15.8,24,59,2.5,0,343,59,5.81,75,3.8,3,,,7,58,5,78,12,136,18,,,,,,,,,,3,3,3,2,0,0,0,0,0,0,0,0,0,0,0,0,0,0
207,RAI,1982-12-05,19,42,235,7,15,4,0,Sun,5,13,,SEA,W 28-23,10,19,9,52.6,41,0,1,0,5.3,42,4,41,17.39,2.2,1.78,-0.21,-0.17,4.1,42,194,4.6,3,235,65,3.62,68,4.87,1,,,7,71,7,88,14,159,15,,,,,,,,,,4,4,4,1,0,0,0,0,0,0,1,0,0,1,0,0,0,0
208,RAI,1982-11-28,44,20,335,6,21,2,0,Sun,4,12,@,CIN,L 17-31,27,44,17,61.4,302,2,4,4.5,9.1,61,2,20,4.35,6.9,6.57,3.68,3.52,11.2,20,33,1.7,0,335,66,5.08,61,5.69,4,,,6,80,6,58,12,138,21,,,,,,,,,,2,2,2,1,1,0,0,0,0,0,0,0,0,0,0,0,1,0
209,RAI,1982-11-22,25,37,326,7,23,4,0,Mon,3,11,,SDG,W 28-24,18,25,7,72,145,1,2,4,8,69.2,2,18,7.41,5.8,5.37,3,2.78,8.1,37,181,4.9,3,326,64,5.09,67,6.13,2,,,7,93,6,50,13,143,23,,,,,,,,,,4,4,4,1,0,0,0,0,0,0,0,0,0,0,0,0,0,0
210,RAI,1982-09-19,30,31,364,15,18,5,0,Sun,2,2,@,ATL,W 38-14,16,30,14,53.3,264,2,0,6.7,0,108.2,3,20,9.09,8.8,8,10.13,9.21,16.5,31,100,3.2,2,364,64,5.69,84,4.58,1,,,15,117,7,67,22,184,18,,,,,,,,,,5,5,5,2,1,0,0,0,0,0,0,1,0,1,0,0,0,0
211,RAI,1982-09-12,20,43,255,11,17,2,0,Sun,1,1,@,SFO,W 23-17,10,20,10,50,94,1,2,5,10,46.5,3,29,13.04,4.7,4.09,1.2,1.04,9.4,43,161,3.7,1,255,66,3.86,68,3.71,4,,,11,102,6,99,17,201,17,,,,,,,,,,2,2,2,3,3,0,0,0,0,0,0,0,0,0,0,0,0,0
212,RAM,1983-01-02,35,25,374,10,17,3,0,Sun,9,17,@,SFO,W 21-20,23,35,12,65.7,227,2,0,5.7,0,102.9,0,0,0,6.5,6.49,7.63,7.63,9.9,25,147,5.9,1,374,60,6.23,62,5.23,0,,,10,88,3,30,13,118,17,,,,,,,,,,3,3,3,0,0,0,0,0,0,0,0,0,0,0,0,1,0,0
213,RAM,1982-12-26,46,23,583,11,27,3,0,Sun,8,16,,CHI,L 26-34,30,46,16,65.2,506,3,2,6.5,4.3,106.2,1,3,2.13,11,10.77,10.35,10.13,16.9,23,77,3.3,0,583,70,8.33,67,6.28,3,,,11,95,10,71,21,166,27,,,,,,,,,,3,2,2,4,2,0,0,0,0,0,0,0,0,0,0,0,0,0
214,RAM,1982-12-18,35,28,272,5,21,4,0,Sat,7,15,@,RAI,L 31-37,20,35,15,57.1,203,2,2,5.7,5.7,71.4,2,19,5.41,5.8,5.49,4.37,4.14,10.2,28,69,2.5,2,272,65,4.18,72,5.99,2,,,5,30,14,120,19,150,21,,,,,,,,,,4,4,4,1,1,0,0,0,0,0,0,0,0,0,0,0,0,0
215,RAM,1982-12-12,33,26,253,4,14,3,0,Sun,6,14,,DEN,L 24-27,14,33,19,42.4,161,0,3,0,9.1,22.4,2,20,5.71,4.9,4.6,0.79,0.74,11.5,26,92,3.5,3,253,61,4.15,70,5.5,3,,,4,45,6,38,10,83,14,,,,,,,,,,3,3,3,1,1,0,0,0,0,0,0,0,0,0,0,0,0,0
216,RAM,1982-12-02,43,22,341,8,18,3,0,Thu,5,13,,SFO,L 24-30,20,43,23,46.5,277,1,2,2.3,4.7,56.9,1,9,2.27,6.4,6.3,4.81,4.7,13.9,22,64,2.9,2,341,66,5.17,70,5.36,2,,,8,87,6,73,14,160,18,,,,,,,,,,3,3,3,2,1,0,0,0,0,0,0,0,0,0,0,0,0,0
217,RAM,1982-11-28,12,46,281,4,19,3,0,Sun,4,12,,KAN,W 20-14,6,12,6,50,44,0,1,0,8.3,32.3,2,23,14.29,3.7,3.14,-0.08,-0.07,7.3,46,237,5.2,2,281,60,4.68,65,4.28,4,,,4,16,4,30,8,46,19,,,,,,,,,,3,3,2,0,0,0,0,0,0,1,0,0,0,1,0,0,0,0
218,RAM,1982-11-21,28,23,274,3,14,2,0,Sun,3,11,@,ATL,L 17-34,17,28,11,60.7,151,1,0,3.6,0,88.2,1,8,3.45,5.4,5.21,6.11,5.9,8.9,23,123,5.3,1,274,52,5.27,63,6.14,2,,,3,20,10,89,13,109,14,,,,,,,,,,2,2,2,2,1,0,0,0,0,0,0,0,0,0,0,0,0,0
219,RAM,1982-09-19,34,30,375,7,21,2,0,Sun,2,2,,DET,L 14-19,19,34,15,55.9,264,1,2,2.9,5.9,68.6,2,19,5.56,7.8,7.33,5.71,5.39,13.9,30,111,3.7,1,375,66,5.68,73,4.86,5,,,7,81,9,65,16,146,21,,,,,,,,,,2,2,2,1,0,0,0,0,0,0,0,0,0,0,0,0,0,0
220,RAM,1982-09-12,31,28,271,11,12,2,0,Sun,1,1,@,GNB,L 23-35,17,31,14,54.8,166,1,2,3.2,6.5,58.8,4,36,11.43,5.4,4.74,3.1,2.74,9.8,28,105,3.8,1,271,63,4.3,64,5.89,3,,,11,88,2,15,13,103,12,,,,,,,,,,2,2,2,4,3,0,0,0,0,0,0,0,0,0,0,0,0,0
221,SDG,1983-01-16,34,17,247,7,17,2,0,Sun,2,19,@,MIA,L 13-34,15,34,19,44.1,168,1,5,2.9,14.7,32.5,3,23,8.11,4.9,4.54,-1.09,-1,11.2,17,79,4.6,1,247,54,4.57,80,5.16,7,,,7,62,6,70,13,132,17,,,,,,,,,,2,2,1,0,0,0,0,0,0,0,0,0,0,0,0,0,0,0
222,SDG,1983-01-09,42,29,479,6,29,4,0,Sun,1,18,@,PIT,W 31-28,27,42,15,64.3,333,3,0,7.1,0,112.5,0,0,0,7.9,7.93,9.36,9.36,12.3,29,146,5,1,479,71,6.75,62,6.81,2,,,6,51,6,54,12,105,29,,,,,,,,,,4,4,4,1,1,0,0,0,0,0,0,0,0,0,0,0,0,1
223,SDG,1983-01-02,38,33,438,4,29,4,0,Sun,9,17,,RAI,L 34-41,18,38,20,47.4,281,1,2,2.6,5.3,61.6,3,22,7.32,7.4,6.85,5.55,5.15,15.6,33,157,4.8,3,438,74,5.92,60,5.9,2,,,4,28,10,123,14,151,29,,,,,,,,,,4,4,4,3,2,0,0,0,0,0,0,0,0,0,0,0,2,0
224,SDG,1982-12-26,34,30,507,9,25,6,0,Sun,8,16,,BAL,W 44-26,20,34,14,58.8,338,5,2,14.7,5.9,109.4,2,15,5.56,9.9,9.39,10.24,9.67,16.9,30,169,5.6,1,507,66,7.68,71,5.21,3,,,9,63,9,64,18,127,25,,,,,,,,,,6,6,5,2,1,0,0,0,0,0,0,0,0,0,0,0,0,1
225,SDG,1982-12-20,41,35,661,9,34,6,0,Mon,7,15,,CIN,W 50-34,26,41,15,63.4,486,2,2,4.9,4.9,101.8,2,15,4.65,11.9,11.3,10.63,10.14,18.7,35,175,5,4,661,78,8.47,70,6.3,3,,,9,79,7,62,16,141,34,,,,,,,,,,6,6,6,2,2,0,0,1,0,0,0,0,0,0,0,0,1,0
226,SDG,1982-12-11,48,20,538,2,28,5,0,Sat,6,14,@,SFO,W 41-37,33,48,15,68.8,444,5,0,10.4,0,132.6,0,0,0,9.3,9.25,11.33,11.33,13.5,20,94,4.7,0,538,68,7.91,69,6.74,0,,,2,25,3,20,5,45,28,,,,,,,,,,5,5,5,3,2,0,0,0,0,0,0,0,0,0,0,0,0,0
227,SDG,1982-12-05,23,36,382,5,24,4,0,Sun,5,13,@,CLE,W 30-13,18,23,5,78.3,252,0,2,0,8.7,76.1,0,0,0,11,10.96,7.04,7.04,14,36,130,3.6,4,382,59,6.47,73,5.45,2,,,5,43,9,66,14,109,24,,,,,,,,,,4,4,3,1,1,0,0,0,0,0,0,0,0,0,0,0,0,0
228,SDG,1982-11-28,40,37,436,10,28,3,0,Sun,4,12,,DEN,W 30-20,27,40,13,67.5,330,3,1,7.5,2.5,108,1,7,2.44,8.3,8.05,8.63,8.41,12.2,37,106,2.9,0,436,78,5.59,55,5.35,3,,,10,100,8,55,18,155,28,,,,,,,,,,3,3,3,3,3,0,0,0,0,0,0,0,0,0,0,0,0,0
229,SDG,1982-11-22,42,23,411,6,26,3,0,Mon,3,11,@,RAI,L 24-28,25,42,17,59.5,339,1,2,2.4,4.8,75.2,2,18,4.55,8.1,7.7,6.4,6.11,13.6,23,72,3.1,2,411,67,6.13,64,5.09,4,,,6,50,7,93,13,143,26,,,,,,,,,,3,3,3,2,1,0,0,0,0,0,0,0,0,0,0,0,0,0
230,SDG,1982-09-19,38,15,282,9,16,1,0,Sun,2,2,@,KAN,L 12-19,22,38,16,57.9,204,1,1,2.6,2.6,72.4,2,17,5,5.4,5.1,4.71,4.48,9.3,15,78,5.2,0,282,55,5.13,67,4.21,3,,,9,75,12,79,21,154,16,,,,,,,,,,1,1,1,1,1,0,0,1,0,0,0,0,0,0,0,0,0,1
,,,,,,,,,,,,,,,,Passing,,,,,,,,,,,,,,,,,,Rushing,,,,Tot. Off.,,,,,,,,Penalties,,,,,,First Downs,,,,Downs,,,,,,,PAT,,FG,,,,,,,,,,,,,,
Rk,Team,Date,Att,Att,Tot,Pen,1stD,TD,KRTD,Day,G#,Week,,Opp,Result,Cmp,Att,Inc,Cmp%,Yds,TD,Int,TD%,Int%,Rate,Sk,Yds,Sk%,Y/A,NY/A,AY/A,ANY/A,Y/C,Att,Yds,Y/A,TD,Tot,Ply,Y/P,DPly,DY/P,TO,ToP,Time,Pen,Yds,OppPen,OppYds,CombPen,CombPenYds,1stD,Rsh,Pass,Pen,3DAtt,3DConv,3D%,4DAtt,4DConv,4D%,TD,XPA,XPM,FGA,FGM,2PA,2PM,Sfty,KRTD,PRTD,IntTD,FRTD,OthTD,RetTD,OppKRTD,OppPRTD,OppIntTD,OppFRTD
231,SDG,1982-09-12,34,38,393,10,23,2,0,Sun,1,1,@,DEN,W 23-3,19,34,15,55.9,253,1,0,2.9,0,89.5,0,0,0,7.4,7.44,8.03,8.03,13.3,38,140,3.7,1,393,72,5.46,62,5.21,0,,,10,67,5,50,15,117,23,,,,,,,,,,2,2,2,5,3,0,0,0,0,0,0,0,0,0,0,0,0,0
232,SEA,1983-01-02,39,31,363,6,18,1,0,Sun,9,17,,DEN,W 13-11,22,39,17,56.4,234,1,2,2.6,5.1,62.7,3,13,7.14,6,5.57,4.21,3.9,10.6,31,129,4.2,0,363,73,4.97,74,5.23,3,,,6,55,2,14,8,69,18,,,,,,,,,,1,1,1,2,2,0,0,0,0,0,0,0,0,0,0,0,0,0
233,SEA,1982-12-26,35,24,279,11,16,1,0,Sun,8,16,@,CIN,L 10-24,19,35,16,54.3,200,1,2,2.9,5.7,58.9,2,17,5.41,5.7,5.41,3.71,3.51,10.5,24,79,3.3,0,279,61,4.57,66,5.89,3,,,11,107,9,88,20,195,16,,,,,,,,,,1,1,1,1,1,0,0,0,0,0,0,0,0,0,0,0,0,0
234,SEA,1982-12-19,35,14,171,7,12,0,0,Sun,7,15,,NWE,L 0-16,15,35,20,42.9,118,0,4,0,11.4,14.2,2,16,5.41,3.4,3.19,-1.77,-1.68,7.9,14,53,3.8,0,171,51,3.35,81,4.85,6,,,7,53,4,35,11,88,12,,,,,,,,,,0,0,0,1,0,0,0,0,0,0,0,0,0,0,0,0,0,0
235,SEA,1982-12-12,32,29,290,5,17,2,0,Sun,6,14,,CHI,W 20-14,22,32,10,68.8,164,1,0,3.1,0,95.3,4,32,11.11,5.1,4.56,5.75,5.11,7.5,29,126,4.3,1,290,65,4.46,62,5,0,,,5,41,3,10,8,51,17,,,,,,,,,,2,2,2,2,2,0,0,0,0,0,0,0,0,0,0,0,0,0
236,SEA,1982-12-05,45,19,331,7,19,3,0,Sun,5,13,@,RAI,L 23-28,16,45,29,35.6,251,2,3,4.4,6.7,44.7,4,29,8.16,5.6,5.12,3.47,3.18,15.7,19,80,4.2,1,331,68,4.87,65,3.62,4,,,7,88,7,71,14,159,19,,,,,,,,,,3,3,2,1,1,0,0,0,0,0,0,0,0,0,0,0,1,0
237,SEA,1982-11-28,22,38,290,3,21,1,0,Sun,4,12,,PIT,W 16-0,14,22,8,63.6,166,1,0,4.5,0,108.9,5,38,18.52,7.5,6.15,8.45,6.89,11.9,38,124,3.3,0,290,65,4.46,51,4.27,1,,,3,25,4,25,7,50,21,,,,,,,,,,1,1,1,3,3,0,0,0,0,0,0,0,0,0,0,0,0,0
238,SEA,1982-11-21,41,30,387,6,21,2,0,Sun,3,11,@,DEN,W 17-10,22,41,19,53.7,303,1,1,2.4,2.4,77.1,2,15,4.65,7.4,7.05,6.78,6.47,13.8,30,84,2.8,0,387,73,5.3,54,4.63,1,,,6,49,7,82,13,131,21,,,,,,,,,,2,2,2,4,1,0,0,0,0,0,1,0,0,1,0,0,0,0
239,SEA,1982-09-19,38,27,303,9,17,3,0,Sun,2,2,@,HOU,L 21-23,24,38,14,63.2,223,2,0,5.3,0,101.8,6,46,13.64,5.9,5.07,6.92,5.98,9.3,27,80,3,1,303,71,4.27,76,3.71,3,,,9,80,6,60,15,140,17,,,,,,,,,,3,3,3,0,0,0,0,0,0,0,0,0,0,0,0,0,0,1
240,SEA,1982-09-12,39,15,180,5,18,1,0,Sun,1,1,,CLE,L 7-21,22,39,17,56.4,140,0,1,0,2.6,60.1,8,63,17.02,3.6,2.98,2.44,2.02,6.4,15,40,2.7,1,180,62,2.9,71,4.65,3,,,5,25,2,21,7,46,18,,,,,,,,,,1,1,1,0,0,0,0,0,0,0,0,0,0,0,0,0,0,0
241,SFO,1983-01-02,38,24,324,3,18,3,0,Sun,9,17,,RAM,L 20-21,20,38,18,52.6,200,2,1,5.3,2.6,74.5,0,0,0,5.3,5.26,5.13,5.13,10,24,124,5.2,0,324,62,5.23,60,6.23,1,,,3,30,10,88,13,118,18,,,,,,,,,,3,3,2,1,0,0,0,0,0,1,0,0,0,1,0,0,0,0
242,SFO,1982-12-26,35,33,370,3,23,2,0,Sun,8,16,@,KAN,W 26-13,20,35,15,57.1,237,0,2,0,5.7,56,3,16,7.89,6.8,6.24,4.2,3.87,11.9,33,133,4,1,370,71,5.21,69,3.99,3,,,3,15,3,25,6,40,23,,,,,,,,,,2,2,2,4,4,0,0,0,0,0,1,0,0,1,0,0,0,0
243,SFO,1982-12-19,31,16,219,3,11,1,0,Sun,7,15,,ATL,L 7-17,16,31,15,51.6,164,1,1,3.2,3.2,66.2,2,13,6.06,5.3,4.97,4.48,4.21,10.3,16,55,3.4,0,219,49,4.47,80,4.89,2,,,3,34,9,75,12,109,11,,,,,,,,,,1,1,1,1,0,0,0,0,0,0,0,0,0,0,0,0,0,0
244,SFO,1982-12-11,47,22,465,3,29,5,0,Sat,6,14,,SDG,L 37-41,32,47,15,68.1,366,3,2,6.4,4.3,94.8,0,0,0,7.8,7.79,7.15,7.15,11.4,22,99,4.5,2,465,69,6.74,68,7.91,2,,,3,20,2,25,5,45,29,,,,,,,,,,5,5,4,1,1,0,0,0,0,0,0,0,0,0,0,0,0,0
245,SFO,1982-12-02,38,29,375,6,21,3,0,Thu,5,13,@,RAM,W 30-24,27,38,11,71.1,326,2,0,5.3,0,117.2,3,24,7.32,8.6,7.95,9.63,8.93,12.1,29,49,1.7,1,375,70,5.36,66,5.17,1,,,6,73,8,87,14,160,21,,,,,,,,,,3,3,3,3,3,0,0,0,0,0,0,0,0,0,0,0,0,0
246,SFO,1982-11-28,42,16,376,7,21,2,0,Sun,4,12,,NOR,L 20-23,27,42,15,64.3,321,2,1,4.8,2.4,94.7,2,13,4.55,7.6,7.3,7.52,7.18,11.9,16,55,3.4,0,376,60,6.27,65,4.98,3,,,7,35,6,44,13,79,21,,,,,,,,,,2,2,2,2,2,0,0,0,0,0,0,0,0,0,0,0,0,0
247,SFO,1982-11-21,39,26,448,6,22,4,0,Sun,3,11,@,STL,W 31-20,26,39,13,66.7,371,3,1,7.7,2.6,116.2,4,37,9.3,9.5,8.63,9.9,8.98,14.3,26,77,3,1,448,69,6.49,62,4.1,3,,,6,39,1,5,7,44,22,,,,,,,,,,4,4,4,2,1,0,0,0,0,0,0,0,0,0,0,0,0,0
248,SFO,1982-09-19,37,31,413,8,20,3,0,Sun,2,2,@,DEN,L 21-24,26,37,11,70.3,325,2,2,5.4,5.4,94,1,11,2.63,8.8,8.55,7.43,7.24,12.5,31,88,2.8,1,413,69,5.99,60,4.72,2,,,8,106,8,91,16,197,20,,,,,,,,,,3,3,3,2,0,0,0,0,0,0,0,0,0,0,0,1,0,0
249,SFO,1982-09-12,41,22,252,6,18,2,0,Sun,1,1,,RAI,L 17-23,21,41,20,51.2,192,2,1,4.9,2.4,75.7,5,52,10.87,4.7,4.17,4.56,4.07,9.1,22,60,2.7,0,252,68,3.71,66,3.86,4,,,6,99,11,102,17,201,18,,,,,,,,,,2,2,2,1,1,0,0,0,0,0,0,0,0,0,0,0,0,0
250,STL,1983-01-08,51,23,453,6,27,2,0,Sat,1,18,@,GNB,L 16-41,32,51,19,62.7,347,2,2,3.9,3.9,82.6,5,38,8.93,6.8,6.2,5.82,5.3,10.8,23,106,4.6,0,453,79,5.73,57,6.91,4,,,6,78,5,35,11,113,27,,,,,,,,,,2,2,1,4,1,0,0,0,0,0,0,0,0,0,0,0,0,0
251,STL,1983-01-02,34,20,196,13,10,0,0,Sun,9,17,@,WAS,L 0-28,18,34,16,52.9,155,0,3,0,8.8,33.8,5,44,12.82,4.6,3.97,0.59,0.51,8.6,20,41,2.1,0,196,59,3.32,69,3.67,5,,,13,133,4,30,17,163,10,,,,,,,,,,0,0,0,0,0,0,0,0,0,0,0,0,0,0,0,0,0,0
252,STL,1982-12-26,25,47,376,5,22,3,0,Sun,8,16,,NYG,W 24-21,14,25,11,56,186,2,1,8,4,94.1,4,26,13.79,7.4,6.41,7.24,6.24,13.3,47,190,4,1,376,76,4.95,69,5.71,1,,,5,23,8,57,13,80,22,,,,,,,,,,3,3,3,1,1,0,0,0,0,0,0,0,0,0,0,0,0,0
253,STL,1982-12-19,26,33,240,3,17,1,0,Sun,7,15,@,CHI,W 10-7,9,26,17,34.6,93,0,1,0,3.8,32.5,3,17,10.34,3.6,3.21,1.85,1.66,10.3,33,147,4.5,1,240,62,3.87,68,4.01,3,,,3,15,4,40,7,55,17,,,,,,,,,,1,1,1,2,1,0,0,0,0,0,0,0,0,0,0,0,0,0
254,STL,1982-12-12,26,25,356,8,19,1,0,Sun,6,14,,WAS,L 7-12,15,26,11,57.7,225,1,0,3.8,0,103.2,3,26,10.34,8.7,7.76,9.42,8.45,15,25,131,5.2,0,356,54,6.59,63,4.63,3,,,8,65,9,65,17,130,19,,,,,,,,,,1,1,1,1,0,0,0,0,0,0,0,0,0,0,0,0,0,0
255,STL,1982-12-05,23,50,360,5,25,2,0,Sun,5,13,@,PHI,W 23-20,14,23,9,60.9,129,0,0,0,0,81.4,4,29,14.81,5.6,4.78,5.61,4.78,9.2,50,231,4.6,2,360,77,4.68,48,5.1,2,,,5,34,4,35,9,69,25,,,,,,,,,,2,2,2,3,3,0,0,0,0,0,0,0,0,0,0,0,0,0
256,STL,1982-11-28,15,45,299,9,20,3,0,Sun,4,12,@,ATL,W 23-20,10,15,5,66.7,96,0,0,0,0,87.9,1,13,6.25,6.4,6,6.4,6,9.6,45,203,4.5,3,299,61,4.9,56,4.89,0,,,9,137,6,40,15,177,20,,,,,,,,,,3,3,2,1,1,0,0,0,0,0,0,0,0,0,0,0,0,0
257,STL,1982-11-21,34,27,254,1,15,2,0,Sun,3,11,,SFO,L 20-31,17,34,17,50,146,1,0,2.9,0,72.4,1,8,2.86,4.3,4.17,4.88,4.74,8.6,27,108,4,1,254,62,4.1,69,6.49,0,,,1,5,6,39,7,44,15,,,,,,,,,,2,2,2,4,2,0,0,0,0,0,0,0,0,0,0,0,0,0
258,STL,1982-09-19,39,23,311,6,19,1,0,Sun,2,2,,DAL,L 7-24,22,39,17,56.4,249,1,1,2.6,2.6,78,5,42,11.36,6.4,5.66,5.74,5.09,11.3,23,62,2.7,0,311,67,4.64,65,5.83,1,,,6,55,4,39,10,94,19,,,,,,,,,,1,1,1,1,0,0,0,0,0,0,0,0,0,0,0,0,0,0
259,STL,1982-09-12,18,37,150,6,15,3,0,Sun,1,1,@,NOR,W 21-7,10,18,8,55.6,54,1,0,5.6,0,88.2,6,38,25,3,2.25,4.11,3.08,5.4,37,96,2.6,2,150,61,2.46,63,4.6,1,,,6,61,9,75,15,136,15,,,,,,,,,,3,3,3,0,0,0,0,0,0,0,0,0,0,0,0,0,0,0
260,TAM,1983-01-09,28,21,218,4,8,2,0,Sun,1,18,@,DAL,L 17-30,8,28,20,28.6,113,1,3,3.6,10.7,16.2,0,0,0,4,4.04,-0.07,-0.07,14.1,21,105,5,0,218,49,4.45,92,4.96,3,,,4,41,6,45,10,86,8,,,,,,,,,,2,2,2,1,1,0,0,0,0,0,0,1,0,1,0,0,1,0
,,,,,,,,,,,,,,,,Passing,,,,,,,,,,,,,,,,,,Rushing,,,,Tot. Off.,,,,,,,,Penalties,,,,,,First Downs,,,,Downs,,,,,,,PAT,,FG,,,,,,,,,,,,,,
Rk,Team,Date,Att,Att,Tot,Pen,1stD,TD,KRTD,Day,G#,Week,,Opp,Result,Cmp,Att,Inc,Cmp%,Yds,TD,Int,TD%,Int%,Rate,Sk,Yds,Sk%,Y/A,NY/A,AY/A,ANY/A,Y/C,Att,Yds,Y/A,TD,Tot,Ply,Y/P,DPly,DY/P,TO,ToP,Time,Pen,Yds,OppPen,OppYds,CombPen,CombPenYds,1stD,Rsh,Pass,Pen,3DAtt,3DConv,3D%,4DAtt,4DConv,4D%,TD,XPA,XPM,FGA,FGM,2PA,2PM,Sfty,KRTD,PRTD,IntTD,FRTD,OthTD,RetTD,OppKRTD,OppPRTD,OppIntTD,OppFRTD
261,TAM,1983-01-02,50,21,424,1,22,2,0,Sun,9,17,,CHI,W 26-23 (OT),25,50,25,50,325,2,2,4,4,71,3,42,5.66,6.5,6.13,5.5,5.19,13,21,99,4.7,0,424,74,5.73,66,3.76,3,,,1,5,3,21,4,26,22,,,,,,,,,,2,2,2,5,4,0,0,0,0,0,0,0,0,0,0,0,1,0
262,TAM,1982-12-26,34,41,377,4,24,2,0,Sun,8,16,,DET,W 23-21,21,34,13,61.8,257,1,1,2.9,2.9,84.9,2,19,5.56,7.6,7.14,6.82,6.44,12.2,41,120,2.9,1,377,77,4.9,47,4.47,2,,,4,45,3,56,7,101,24,,,,,,,,,,2,2,2,3,3,0,0,0,0,0,0,0,0,0,0,0,0,0
263,TAM,1982-12-19,36,35,342,3,22,3,0,Sun,7,15,,BUF,W 24-23,20,36,16,55.6,204,2,3,5.6,8.3,55.8,0,0,0,5.7,5.67,3.03,3.03,10.2,35,138,3.9,1,342,71,4.82,58,5.48,4,,,3,19,6,60,9,79,22,,,,,,,,,,3,3,3,2,1,0,0,0,0,0,0,0,0,0,0,0,0,0
264,TAM,1982-12-12,38,22,251,3,15,2,0,Sun,6,14,@,NYJ,L 17-32,18,38,20,47.4,204,1,2,2.6,5.3,50.8,0,0,0,5.4,5.37,3.53,3.53,11.3,22,47,2.1,1,251,60,4.18,70,4.39,5,,,3,20,4,33,7,53,15,,,,,,,,,,2,2,2,1,1,0,0,0,0,0,0,0,0,0,0,0,0,0
265,TAM,1982-12-05,24,27,271,5,14,1,0,Sun,5,13,@,NOR,W 13-10,15,24,9,62.5,178,1,0,4.2,0,101.4,1,14,4,7.4,7.12,8.25,7.92,11.9,27,93,3.4,0,271,52,5.21,72,5.28,0,,,5,54,7,65,12,119,14,,,,,,,,,,1,1,1,2,2,0,0,0,0,0,0,0,0,0,0,0,0,0
266,TAM,1982-11-29,19,38,215,4,15,2,0,Mon,4,12,,MIA,W 23-17,7,19,12,36.8,61,0,0,0,0,50.5,2,20,9.52,3.2,2.9,3.21,2.9,8.7,38,154,4.1,2,215,59,3.64,71,4.65,0,,,4,30,4,22,8,52,15,,,,,,,,,,2,2,2,3,3,0,0,0,0,0,0,0,0,0,0,0,0,0
267,TAM,1982-11-21,42,34,382,6,21,0,0,Sun,3,11,@,DAL,L 9-14,23,42,19,54.8,247,0,0,0,0,73.3,1,11,2.33,5.9,5.74,5.88,5.74,10.7,34,135,4,0,382,77,4.96,46,4.02,1,,,6,41,6,30,12,71,21,,,,,,,,,,0,0,0,4,3,0,0,0,0,0,0,0,0,0,0,0,0,0
268,TAM,1982-09-19,27,28,278,5,14,2,0,Sun,2,2,,WAS,L 13-21,14,27,13,51.9,177,1,0,3.7,0,88.3,2,22,6.9,6.6,6.1,7.3,6.79,12.6,28,101,3.6,1,278,57,4.88,71,3.49,4,,,5,32,3,23,8,55,14,,,,,,,,,,2,1,1,0,0,0,0,0,0,0,0,0,0,0,0,0,0,1
269,TAM,1982-09-12,38,22,355,7,16,1,0,Sun,1,1,@,MIN,L 10-17,21,38,17,55.3,290,1,3,2.6,7.9,55.8,0,0,0,7.6,7.63,4.61,4.61,13.8,22,65,3,0,355,60,5.92,63,3.43,4,,,7,51,2,15,9,66,16,,,,,,,,,,1,1,1,3,1,0,0,0,0,0,0,0,0,0,0,0,0,0
270,WAS,1983-01-30,23,52,400,5,24,3,0,Sun,4,21,N,MIA,W 27-17,15,23,8,65.2,124,2,2,8.7,8.7,75.1,3,19,11.54,5.4,4.77,3.22,2.85,8.3,52,276,5.3,1,400,78,5.13,47,3.74,2,36:15:00,,5,36,4,55,9,91,24,,,,,,,,,,3,3,3,2,2,0,0,0,0,0,0,0,0,0,1,0,0,0
271,WAS,1983-01-22,20,40,260,3,18,4,0,Sat,3,20,,DAL,W 31-17,12,20,8,60,123,1,0,5,0,100,3,27,13.04,6.2,5.35,7.15,6.22,10.3,40,137,3.4,2,260,63,4.13,65,5.23,0,,,3,25,3,15,6,40,18,,,,,,,,,,4,4,4,2,1,0,0,0,0,0,1,0,0,1,0,0,0,0
272,WAS,1983-01-15,23,42,415,3,23,3,0,Sat,2,19,,MIN,W 21-7,17,23,6,73.9,211,2,1,8.7,4.3,113.1,2,2,8,9.2,8.44,8.96,8.24,12.4,42,204,4.9,1,415,67,6.19,59,5.37,1,,,3,25,5,39,8,64,23,,,,,,,,,,3,3,3,2,0,0,0,0,0,0,0,0,0,0,0,0,0,0
273,WAS,1983-01-08,19,38,366,4,18,4,0,Sat,1,18,,DET,W 31-7,14,19,5,73.7,191,3,0,15.8,0,149.1,2,19,9.52,10.1,9.1,13.21,11.95,13.6,38,175,4.6,0,366,59,6.2,63,5.78,0,,,4,20,5,29,9,49,18,,,,,,,,,,4,4,4,2,1,0,0,0,0,0,1,0,0,1,0,0,0,0
274,WAS,1983-01-02,25,39,253,4,18,4,0,Sun,9,17,,STL,W 28-0,16,25,9,64,124,3,0,12,0,121.2,5,33,16.67,5,4.13,7.36,6.13,7.8,39,129,3.3,1,253,69,3.67,59,3.32,0,,,4,30,13,133,17,163,18,,,,,,,,,,4,4,4,1,0,0,0,0,0,0,0,0,0,0,0,0,0,0
275,WAS,1982-12-26,23,37,448,8,16,3,0,Sun,8,16,@,NOR,W 27-10,14,23,9,60.9,250,2,0,8.7,0,129.6,3,14,11.54,10.9,9.62,12.61,11.15,17.9,37,198,5.4,1,448,63,7.11,64,3.08,2,,,8,86,4,33,12,119,16,,,,,,,,,,3,3,3,2,2,0,0,0,0,0,0,0,0,0,0,0,0,0
276,WAS,1982-12-19,38,41,375,5,20,1,0,Sun,7,15,,NYG,W 15-14,25,38,13,65.8,241,0,4,0,10.5,45,1,11,2.56,6.3,6.18,1.61,1.56,9.6,41,134,3.3,1,375,80,4.69,51,2.73,5,,,5,34,4,35,9,69,20,,,,,,,,,,1,1,0,3,3,0,0,0,0,0,0,0,0,0,0,0,0,0
277,WAS,1982-12-12,26,35,292,9,18,0,0,Sun,6,14,@,STL,W 12-7,17,26,9,65.4,170,0,0,0,0,86.7,2,18,7.14,6.5,6.07,6.54,6.07,10,35,122,3.5,0,292,63,4.63,54,6.59,1,,,9,65,8,65,17,130,18,,,,,,,,,,0,0,0,4,4,0,0,0,0,0,0,0,0,0,0,0,0,0
278,WAS,1982-12-05,30,17,275,3,15,1,0,Sun,5,13,,DAL,L 10-24,20,30,10,66.7,209,1,3,3.3,10,66.5,7,60,18.92,7,5.65,3.13,2.54,10.5,17,66,3.9,0,275,54,5.09,69,5.25,3,,,3,40,7,52,10,92,15,,,,,,,,,,1,1,1,1,1,0,0,0,0,0,0,0,0,0,0,0,0,0
279,WAS,1982-11-28,28,31,295,4,15,1,0,Sun,4,12,,PHI,W 13-9,14,28,14,50,234,1,2,3.6,7.1,64.4,4,25,12.5,8.4,7.31,5.86,5.13,16.7,31,61,2,0,295,63,4.68,67,4.76,3,,,4,30,1,5,5,35,15,,,,,,,,,,1,1,1,2,2,0,0,0,0,0,0,0,0,0,0,0,0,0
280,WAS,1982-11-21,24,40,312,5,19,3,0,Sun,3,11,@,NYG,W 27-17,16,24,8,66.7,173,2,0,8.3,0,117.5,1,12,4,7.2,6.92,8.88,8.52,10.8,40,139,3.5,1,312,65,4.8,62,4.63,0,,,5,35,4,25,9,60,19,,,,,,,,,,3,3,3,2,2,0,0,0,0,0,0,0,0,0,0,0,0,0
281,WAS,1982-09-19,20,45,248,3,18,2,0,Sun,2,2,@,TAM,W 21-13,12,20,8,60,71,1,0,5,0,92.1,6,41,23.08,3.6,2.73,4.55,3.5,5.9,45,177,3.9,0,248,71,3.49,57,4.88,0,,,3,23,5,32,8,55,18,,,,,,,,,,2,2,0,3,3,0,0,0,0,0,0,1,0,1,0,0,0,0
282,WAS,1982-09-12,39,30,487,5,26,4,0,Sun,1,1,@,PHI,W 37-34 (OT),28,39,11,71.8,373,3,0,7.7,0,128.4,1,9,2.5,9.6,9.33,11.1,10.83,13.3,30,114,3.8,1,487,70,6.96,71,6,2,,,5,61,6,39,11,100,26,,,,,,,,,,4,4,4,3,3,0,0,0,0,0,0,0,0,0,0,0,0,0
